rel_path,filename,plate_id,type_idx,theme
0_Asap-MediumItalictheme_1 type_1.png,0_Asap-MediumItalictheme_1 type_1.png,0,1,Asap-MediumItalictheme
0_AveriaLibre-LightItalictheme_1 type_1.png,0_AveriaLibre-LightItalictheme_1 type_1.png,0,1,AveriaLibre-LightItalictheme
0_AveriaSerifLibre-Regulartheme_1 type_1.png,0_AveriaSerifLibre-Regulartheme_1 type_1.png,0,1,AveriaSerifLibre-Regulartheme
0_Changa-Boldtheme_1 type_1.png,0_Changa-Boldtheme_1 type_1.png,0,1,Changa-Boldtheme
0_ChangaOne-Regulartheme_1 type_1.png,0_ChangaOne-Regulartheme_1 type_1.png,0,1,ChangaOne-Regulartheme
0_Chilanka-Regulartheme_1 type_1.png,0_Chilanka-Regulartheme_1 type_1.png,0,1,Chilanka-Regulartheme
0_Asap-MediumItalictheme_2 type_2.png,0_Asap-MediumItalictheme_2 type_2.png,0,2,Asap-MediumItalictheme
0_AveriaLibre-LightItalictheme_2 type_2.png,0_AveriaLibre-LightItalictheme_2 type_2.png,0,2,AveriaLibre-LightItalictheme
0_AveriaSerifLibre-Regulartheme_2 type_2.png,0_AveriaSerifLibre-Regulartheme_2 type_2.png,0,2,AveriaSerifLibre-Regulartheme
0_Changa-Boldtheme_2 type_2.png,0_Changa-Boldtheme_2 type_2.png,0,2,Changa-Boldtheme
0_ChangaOne-Regulartheme_2 type_2.png,0_ChangaOne-Regulartheme_2 type_2.png,0,2,ChangaOne-Regulartheme
0_Chilanka-Regulartheme_2 type_2.png,0_Chilanka-Regulartheme_2 type_2.png,0,2,Chilanka-Regulartheme
0_Asap-MediumItalictheme_3 type_3.png,0_Asap-MediumItalictheme_3 type_3.png,0,3,Asap-MediumItalictheme
0_Asap-MediumItalictheme_4 type_3.png,0_Asap-MediumItalictheme_4 type_3.png,0,3,Asap-MediumItalictheme
0_AveriaLibre-LightItalictheme_3 type_3.png,0_AveriaLibre-LightItalictheme_3 type_3.png,0,3,AveriaLibre-LightItalictheme
0_AveriaLibre-LightItalictheme_4 type_3.png,0_AveriaLibre-LightItalictheme_4 type_3.png,0,3,AveriaLibre-LightItalictheme
0_AveriaSerifLibre-Regulartheme_3 type_3.png,0_AveriaSerifLibre-Regulartheme_3 type_3.png,0,3,AveriaSerifLibre-Regulartheme
0_AveriaSerifLibre-Regulartheme_4 type_3.png,0_AveriaSerifLibre-Regulartheme_4 type_3.png,0,3,AveriaSerifLibre-Regulartheme
1_Asap-MediumItalictheme_1 type_1.png,1_Asap-MediumItalictheme_1 type_1.png,1,1,Asap-MediumItalictheme
1_AveriaLibre-LightItalictheme_1 type_1.png,1_AveriaLibre-LightItalictheme_1 type_1.png,1,1,AveriaLibre-LightItalictheme
1_AveriaSerifLibre-Regulartheme_1 type_1.png,1_AveriaSerifLibre-Regulartheme_1 type_1.png,1,1,AveriaSerifLibre-Regulartheme
1_BalooThambi-Regulartheme_1 type_1.png,1_BalooThambi-Regulartheme_1 type_1.png,1,1,BalooThambi-Regulartheme
1_Changa-Boldtheme_1 type_1.png,1_Changa-Boldtheme_1 type_1.png,1,1,Changa-Boldtheme
1_ChangaOne-Regulartheme_1 type_1.png,1_ChangaOne-Regulartheme_1 type_1.png,1,1,ChangaOne-Regulartheme
1_Asap-MediumItalictheme_2 type_2.png,1_Asap-MediumItalictheme_2 type_2.png,1,2,Asap-MediumItalictheme
1_AveriaLibre-LightItalictheme_2 type_2.png,1_AveriaLibre-LightItalictheme_2 type_2.png,1,2,AveriaLibre-LightItalictheme
1_AveriaSerifLibre-Regulartheme_2 type_2.png,1_AveriaSerifLibre-Regulartheme_2 type_2.png,1,2,AveriaSerifLibre-Regulartheme
1_BalooThambi-Regulartheme_2 type_2.png,1_BalooThambi-Regulartheme_2 type_2.png,1,2,BalooThambi-Regulartheme
1_Changa-Boldtheme_2 type_2.png,1_Changa-Boldtheme_2 type_2.png,1,2,Changa-Boldtheme
1_ChangaOne-Regulartheme_2 type_2.png,1_ChangaOne-Regulartheme_2 type_2.png,1,2,ChangaOne-Regulartheme
1_Asap-MediumItalictheme_3 type_3.png,1_Asap-MediumItalictheme_3 type_3.png,1,3,Asap-MediumItalictheme
1_Asap-MediumItalictheme_4 type_3.png,1_Asap-MediumItalictheme_4 type_3.png,1,3,Asap-MediumItalictheme
1_AveriaLibre-LightItalictheme_3 type_3.png,1_AveriaLibre-LightItalictheme_3 type_3.png,1,3,AveriaLibre-LightItalictheme
1_AveriaLibre-LightItalictheme_4 type_3.png,1_AveriaLibre-LightItalictheme_4 type_3.png,1,3,AveriaLibre-LightItalictheme
1_AveriaSerifLibre-Regulartheme_3 type_3.png,1_AveriaSerifLibre-Regulartheme_3 type_3.png,1,3,AveriaSerifLibre-Regulartheme
1_AveriaSerifLibre-Regulartheme_4 type_3.png,1_AveriaSerifLibre-Regulartheme_4 type_3.png,1,3,AveriaSerifLibre-Regulartheme
2_Asap-MediumItalictheme_1 type_1.png,2_Asap-MediumItalictheme_1 type_1.png,2,1,Asap-MediumItalictheme
2_AveriaLibre-LightItalictheme_1 type_1.png,2_AveriaLibre-LightItalictheme_1 type_1.png,2,1,AveriaLibre-LightItalictheme
2_AveriaSerifLibre-Regulartheme_1 type_1.png,2_AveriaSerifLibre-Regulartheme_1 type_1.png,2,1,AveriaSerifLibre-Regulartheme
2_BalooThambi-Regulartheme_1 type_1.png,2_BalooThambi-Regulartheme_1 type_1.png,2,1,BalooThambi-Regulartheme
2_Changa-Boldtheme_1 type_1.png,2_Changa-Boldtheme_1 type_1.png,2,1,Changa-Boldtheme
2_ChangaOne-Regulartheme_1 type_1.png,2_ChangaOne-Regulartheme_1 type_1.png,2,1,ChangaOne-Regulartheme
2_Asap-MediumItalictheme_2 type_2.png,2_Asap-MediumItalictheme_2 type_2.png,2,2,Asap-MediumItalictheme
2_AveriaLibre-LightItalictheme_2 type_2.png,2_AveriaLibre-LightItalictheme_2 type_2.png,2,2,AveriaLibre-LightItalictheme
2_AveriaSerifLibre-Regulartheme_2 type_2.png,2_AveriaSerifLibre-Regulartheme_2 type_2.png,2,2,AveriaSerifLibre-Regulartheme
2_BalooThambi-Regulartheme_2 type_2.png,2_BalooThambi-Regulartheme_2 type_2.png,2,2,BalooThambi-Regulartheme
2_Changa-Boldtheme_2 type_2.png,2_Changa-Boldtheme_2 type_2.png,2,2,Changa-Boldtheme
2_ChangaOne-Regulartheme_2 type_2.png,2_ChangaOne-Regulartheme_2 type_2.png,2,2,ChangaOne-Regulartheme
2_Asap-MediumItalictheme_3 type_3.png,2_Asap-MediumItalictheme_3 type_3.png,2,3,Asap-MediumItalictheme
2_Asap-MediumItalictheme_4 type_3.png,2_Asap-MediumItalictheme_4 type_3.png,2,3,Asap-MediumItalictheme
2_AveriaLibre-LightItalictheme_3 type_3.png,2_AveriaLibre-LightItalictheme_3 type_3.png,2,3,AveriaLibre-LightItalictheme
2_AveriaLibre-LightItalictheme_4 type_3.png,2_AveriaLibre-LightItalictheme_4 type_3.png,2,3,AveriaLibre-LightItalictheme
2_AveriaSerifLibre-Regulartheme_3 type_3.png,2_AveriaSerifLibre-Regulartheme_3 type_3.png,2,3,AveriaSerifLibre-Regulartheme
2_AveriaSerifLibre-Regulartheme_4 type_3.png,2_AveriaSerifLibre-Regulartheme_4 type_3.png,2,3,AveriaSerifLibre-Regulartheme
3_Asap-MediumItalictheme_1 type_1.png,3_Asap-MediumItalictheme_1 type_1.png,3,1,Asap-MediumItalictheme
3_AveriaLibre-LightItalictheme_1 type_1.png,3_AveriaLibre-LightItalictheme_1 type_1.png,3,1,AveriaLibre-LightItalictheme
3_AveriaSerifLibre-Regulartheme_1 type_1.png,3_AveriaSerifLibre-Regulartheme_1 type_1.png,3,1,AveriaSerifLibre-Regulartheme
3_Changa-Boldtheme_1 type_1.png,3_Changa-Boldtheme_1 type_1.png,3,1,Changa-Boldtheme
3_ChangaOne-Regulartheme_1 type_1.png,3_ChangaOne-Regulartheme_1 type_1.png,3,1,ChangaOne-Regulartheme
3_Chilanka-Regulartheme_1 type_1.png,3_Chilanka-Regulartheme_1 type_1.png,3,1,Chilanka-Regulartheme
3_Asap-MediumItalictheme_2 type_2.png,3_Asap-MediumItalictheme_2 type_2.png,3,2,Asap-MediumItalictheme
3_AveriaLibre-LightItalictheme_2 type_2.png,3_AveriaLibre-LightItalictheme_2 type_2.png,3,2,AveriaLibre-LightItalictheme
3_AveriaSerifLibre-Regulartheme_2 type_2.png,3_AveriaSerifLibre-Regulartheme_2 type_2.png,3,2,AveriaSerifLibre-Regulartheme
3_Changa-Boldtheme_2 type_2.png,3_Changa-Boldtheme_2 type_2.png,3,2,Changa-Boldtheme
3_ChangaOne-Regulartheme_2 type_2.png,3_ChangaOne-Regulartheme_2 type_2.png,3,2,ChangaOne-Regulartheme
3_Chilanka-Regulartheme_2 type_2.png,3_Chilanka-Regulartheme_2 type_2.png,3,2,Chilanka-Regulartheme
3_Asap-MediumItalictheme_3 type_3.png,3_Asap-MediumItalictheme_3 type_3.png,3,3,Asap-MediumItalictheme
3_Asap-MediumItalictheme_4 type_3.png,3_Asap-MediumItalictheme_4 type_3.png,3,3,Asap-MediumItalictheme
3_AveriaLibre-LightItalictheme_3 type_3.png,3_AveriaLibre-LightItalictheme_3 type_3.png,3,3,AveriaLibre-LightItalictheme
3_AveriaLibre-LightItalictheme_4 type_3.png,3_AveriaLibre-LightItalictheme_4 type_3.png,3,3,AveriaLibre-LightItalictheme
3_AveriaSerifLibre-Regulartheme_3 type_3.png,3_AveriaSerifLibre-Regulartheme_3 type_3.png,3,3,AveriaSerifLibre-Regulartheme
3_AveriaSerifLibre-Regulartheme_4 type_3.png,3_AveriaSerifLibre-Regulartheme_4 type_3.png,3,3,AveriaSerifLibre-Regulartheme
4_Asap-MediumItalictheme_1 type_1.png,4_Asap-MediumItalictheme_1 type_1.png,4,1,Asap-MediumItalictheme
4_AveriaLibre-LightItalictheme_1 type_1.png,4_AveriaLibre-LightItalictheme_1 type_1.png,4,1,AveriaLibre-LightItalictheme
4_AveriaSerifLibre-Regulartheme_1 type_1.png,4_AveriaSerifLibre-Regulartheme_1 type_1.png,4,1,AveriaSerifLibre-Regulartheme
4_BalooThambi-Regulartheme_1 type_1.png,4_BalooThambi-Regulartheme_1 type_1.png,4,1,BalooThambi-Regulartheme
4_Changa-Boldtheme_1 type_1.png,4_Changa-Boldtheme_1 type_1.png,4,1,Changa-Boldtheme
4_ChangaOne-Regulartheme_1 type_1.png,4_ChangaOne-Regulartheme_1 type_1.png,4,1,ChangaOne-Regulartheme
4_Asap-MediumItalictheme_2 type_2.png,4_Asap-MediumItalictheme_2 type_2.png,4,2,Asap-MediumItalictheme
4_AveriaLibre-LightItalictheme_2 type_2.png,4_AveriaLibre-LightItalictheme_2 type_2.png,4,2,AveriaLibre-LightItalictheme
4_AveriaSerifLibre-Regulartheme_2 type_2.png,4_AveriaSerifLibre-Regulartheme_2 type_2.png,4,2,AveriaSerifLibre-Regulartheme
4_BalooThambi-Regulartheme_2 type_2.png,4_BalooThambi-Regulartheme_2 type_2.png,4,2,BalooThambi-Regulartheme
4_Changa-Boldtheme_2 type_2.png,4_Changa-Boldtheme_2 type_2.png,4,2,Changa-Boldtheme
4_ChangaOne-Regulartheme_2 type_2.png,4_ChangaOne-Regulartheme_2 type_2.png,4,2,ChangaOne-Regulartheme
4_Asap-MediumItalictheme_3 type_3.png,4_Asap-MediumItalictheme_3 type_3.png,4,3,Asap-MediumItalictheme
4_Asap-MediumItalictheme_4 type_3.png,4_Asap-MediumItalictheme_4 type_3.png,4,3,Asap-MediumItalictheme
4_AveriaLibre-LightItalictheme_3 type_3.png,4_AveriaLibre-LightItalictheme_3 type_3.png,4,3,AveriaLibre-LightItalictheme
4_AveriaLibre-LightItalictheme_4 type_3.png,4_AveriaLibre-LightItalictheme_4 type_3.png,4,3,AveriaLibre-LightItalictheme
4_AveriaSerifLibre-Regulartheme_3 type_3.png,4_AveriaSerifLibre-Regulartheme_3 type_3.png,4,3,AveriaSerifLibre-Regulartheme
4_AveriaSerifLibre-Regulartheme_4 type_3.png,4_AveriaSerifLibre-Regulartheme_4 type_3.png,4,3,AveriaSerifLibre-Regulartheme
5_Asap-MediumItalictheme_1 type_1.png,5_Asap-MediumItalictheme_1 type_1.png,5,1,Asap-MediumItalictheme
5_AveriaLibre-LightItalictheme_1 type_1.png,5_AveriaLibre-LightItalictheme_1 type_1.png,5,1,AveriaLibre-LightItalictheme
5_AveriaSerifLibre-Regulartheme_1 type_1.png,5_AveriaSerifLibre-Regulartheme_1 type_1.png,5,1,AveriaSerifLibre-Regulartheme
5_BalooThambi-Regulartheme_1 type_1.png,5_BalooThambi-Regulartheme_1 type_1.png,5,1,BalooThambi-Regulartheme
5_Changa-Boldtheme_1 type_1.png,5_Changa-Boldtheme_1 type_1.png,5,1,Changa-Boldtheme
5_ChangaOne-Regulartheme_1 type_1.png,5_ChangaOne-Regulartheme_1 type_1.png,5,1,ChangaOne-Regulartheme
5_Asap-MediumItalictheme_2 type_2.png,5_Asap-MediumItalictheme_2 type_2.png,5,2,Asap-MediumItalictheme
5_AveriaLibre-LightItalictheme_2 type_2.png,5_AveriaLibre-LightItalictheme_2 type_2.png,5,2,AveriaLibre-LightItalictheme
5_AveriaSerifLibre-Regulartheme_2 type_2.png,5_AveriaSerifLibre-Regulartheme_2 type_2.png,5,2,AveriaSerifLibre-Regulartheme
5_BalooThambi-Regulartheme_2 type_2.png,5_BalooThambi-Regulartheme_2 type_2.png,5,2,BalooThambi-Regulartheme
5_Changa-Boldtheme_2 type_2.png,5_Changa-Boldtheme_2 type_2.png,5,2,Changa-Boldtheme
5_ChangaOne-Regulartheme_2 type_2.png,5_ChangaOne-Regulartheme_2 type_2.png,5,2,ChangaOne-Regulartheme
5_Asap-MediumItalictheme_3 type_3.png,5_Asap-MediumItalictheme_3 type_3.png,5,3,Asap-MediumItalictheme
5_Asap-MediumItalictheme_4 type_3.png,5_Asap-MediumItalictheme_4 type_3.png,5,3,Asap-MediumItalictheme
5_AveriaLibre-LightItalictheme_3 type_3.png,5_AveriaLibre-LightItalictheme_3 type_3.png,5,3,AveriaLibre-LightItalictheme
5_AveriaLibre-LightItalictheme_4 type_3.png,5_AveriaLibre-LightItalictheme_4 type_3.png,5,3,AveriaLibre-LightItalictheme
5_AveriaSerifLibre-Regulartheme_3 type_3.png,5_AveriaSerifLibre-Regulartheme_3 type_3.png,5,3,AveriaSerifLibre-Regulartheme
5_AveriaSerifLibre-Regulartheme_4 type_3.png,5_AveriaSerifLibre-Regulartheme_4 type_3.png,5,3,AveriaSerifLibre-Regulartheme
6_Asap-MediumItalictheme_1 type_1.png,6_Asap-MediumItalictheme_1 type_1.png,6,1,Asap-MediumItalictheme
6_AveriaLibre-LightItalictheme_1 type_1.png,6_AveriaLibre-LightItalictheme_1 type_1.png,6,1,AveriaLibre-LightItalictheme
6_AveriaSerifLibre-Regulartheme_1 type_1.png,6_AveriaSerifLibre-Regulartheme_1 type_1.png,6,1,AveriaSerifLibre-Regulartheme
6_BalooThambi-Regulartheme_1 type_1.png,6_BalooThambi-Regulartheme_1 type_1.png,6,1,BalooThambi-Regulartheme
6_Changa-Boldtheme_1 type_1.png,6_Changa-Boldtheme_1 type_1.png,6,1,Changa-Boldtheme
6_ChangaOne-Regulartheme_1 type_1.png,6_ChangaOne-Regulartheme_1 type_1.png,6,1,ChangaOne-Regulartheme
6_Asap-MediumItalictheme_2 type_2.png,6_Asap-MediumItalictheme_2 type_2.png,6,2,Asap-MediumItalictheme
6_AveriaLibre-LightItalictheme_2 type_2.png,6_AveriaLibre-LightItalictheme_2 type_2.png,6,2,AveriaLibre-LightItalictheme
6_AveriaSerifLibre-Regulartheme_2 type_2.png,6_AveriaSerifLibre-Regulartheme_2 type_2.png,6,2,AveriaSerifLibre-Regulartheme
6_BalooThambi-Regulartheme_2 type_2.png,6_BalooThambi-Regulartheme_2 type_2.png,6,2,BalooThambi-Regulartheme
6_Changa-Boldtheme_2 type_2.png,6_Changa-Boldtheme_2 type_2.png,6,2,Changa-Boldtheme
6_ChangaOne-Regulartheme_2 type_2.png,6_ChangaOne-Regulartheme_2 type_2.png,6,2,ChangaOne-Regulartheme
6_Asap-MediumItalictheme_3 type_3.png,6_Asap-MediumItalictheme_3 type_3.png,6,3,Asap-MediumItalictheme
6_Asap-MediumItalictheme_4 type_3.png,6_Asap-MediumItalictheme_4 type_3.png,6,3,Asap-MediumItalictheme
6_AveriaLibre-LightItalictheme_3 type_3.png,6_AveriaLibre-LightItalictheme_3 type_3.png,6,3,AveriaLibre-LightItalictheme
6_AveriaLibre-LightItalictheme_4 type_3.png,6_AveriaLibre-LightItalictheme_4 type_3.png,6,3,AveriaLibre-LightItalictheme
6_AveriaSerifLibre-Regulartheme_3 type_3.png,6_AveriaSerifLibre-Regulartheme_3 type_3.png,6,3,AveriaSerifLibre-Regulartheme
6_AveriaSerifLibre-Regulartheme_4 type_3.png,6_AveriaSerifLibre-Regulartheme_4 type_3.png,6,3,AveriaSerifLibre-Regulartheme
7_AveriaLibre-LightItalictheme_1 type_1.png,7_AveriaLibre-LightItalictheme_1 type_1.png,7,1,AveriaLibre-LightItalictheme
7_AveriaSerifLibre-Regulartheme_1 type_1.png,7_AveriaSerifLibre-Regulartheme_1 type_1.png,7,1,AveriaSerifLibre-Regulartheme
7_BalooThambi-Regulartheme_1 type_1.png,7_BalooThambi-Regulartheme_1 type_1.png,7,1,BalooThambi-Regulartheme
7_Changa-Boldtheme_1 type_1.png,7_Changa-Boldtheme_1 type_1.png,7,1,Changa-Boldtheme
7_ChangaOne-Regulartheme_1 type_1.png,7_ChangaOne-Regulartheme_1 type_1.png,7,1,ChangaOne-Regulartheme
7_CormorantGaramond-Lighttheme_1 type_1.png,7_CormorantGaramond-Lighttheme_1 type_1.png,7,1,CormorantGaramond-Lighttheme
7_AveriaLibre-LightItalictheme_2 type_2.png,7_AveriaLibre-LightItalictheme_2 type_2.png,7,2,AveriaLibre-LightItalictheme
7_AveriaSerifLibre-Regulartheme_2 type_2.png,7_AveriaSerifLibre-Regulartheme_2 type_2.png,7,2,AveriaSerifLibre-Regulartheme
7_BalooThambi-Regulartheme_2 type_2.png,7_BalooThambi-Regulartheme_2 type_2.png,7,2,BalooThambi-Regulartheme
7_Changa-Boldtheme_2 type_2.png,7_Changa-Boldtheme_2 type_2.png,7,2,Changa-Boldtheme
7_ChangaOne-Regulartheme_2 type_2.png,7_ChangaOne-Regulartheme_2 type_2.png,7,2,ChangaOne-Regulartheme
7_CormorantGaramond-Lighttheme_2 type_2.png,7_CormorantGaramond-Lighttheme_2 type_2.png,7,2,CormorantGaramond-Lighttheme
7_AveriaLibre-LightItalictheme_3 type_3.png,7_AveriaLibre-LightItalictheme_3 type_3.png,7,3,AveriaLibre-LightItalictheme
7_AveriaLibre-LightItalictheme_4 type_3.png,7_AveriaLibre-LightItalictheme_4 type_3.png,7,3,AveriaLibre-LightItalictheme
7_AveriaSerifLibre-Regulartheme_3 type_3.png,7_AveriaSerifLibre-Regulartheme_3 type_3.png,7,3,AveriaSerifLibre-Regulartheme
7_AveriaSerifLibre-Regulartheme_4 type_3.png,7_AveriaSerifLibre-Regulartheme_4 type_3.png,7,3,AveriaSerifLibre-Regulartheme
7_BalooThambi-Regulartheme_3 type_3.png,7_BalooThambi-Regulartheme_3 type_3.png,7,3,BalooThambi-Regulartheme
7_BalooThambi-Regulartheme_4 type_3.png,7_BalooThambi-Regulartheme_4 type_3.png,7,3,BalooThambi-Regulartheme
8_Asap-MediumItalictheme_1 type_1.png,8_Asap-MediumItalictheme_1 type_1.png,8,1,Asap-MediumItalictheme
8_AveriaLibre-LightItalictheme_1 type_1.png,8_AveriaLibre-LightItalictheme_1 type_1.png,8,1,AveriaLibre-LightItalictheme
8_BalooThambi-Regulartheme_1 type_1.png,8_BalooThambi-Regulartheme_1 type_1.png,8,1,BalooThambi-Regulartheme
8_Changa-Boldtheme_1 type_1.png,8_Changa-Boldtheme_1 type_1.png,8,1,Changa-Boldtheme
8_ChangaOne-Regulartheme_1 type_1.png,8_ChangaOne-Regulartheme_1 type_1.png,8,1,ChangaOne-Regulartheme
8_Chilanka-Regulartheme_1 type_1.png,8_Chilanka-Regulartheme_1 type_1.png,8,1,Chilanka-Regulartheme
8_Asap-MediumItalictheme_2 type_2.png,8_Asap-MediumItalictheme_2 type_2.png,8,2,Asap-MediumItalictheme
8_AveriaLibre-LightItalictheme_2 type_2.png,8_AveriaLibre-LightItalictheme_2 type_2.png,8,2,AveriaLibre-LightItalictheme
8_BalooThambi-Regulartheme_2 type_2.png,8_BalooThambi-Regulartheme_2 type_2.png,8,2,BalooThambi-Regulartheme
8_Changa-Boldtheme_2 type_2.png,8_Changa-Boldtheme_2 type_2.png,8,2,Changa-Boldtheme
8_ChangaOne-Regulartheme_2 type_2.png,8_ChangaOne-Regulartheme_2 type_2.png,8,2,ChangaOne-Regulartheme
8_Chilanka-Regulartheme_2 type_2.png,8_Chilanka-Regulartheme_2 type_2.png,8,2,Chilanka-Regulartheme
8_Asap-MediumItalictheme_3 type_3.png,8_Asap-MediumItalictheme_3 type_3.png,8,3,Asap-MediumItalictheme
8_Asap-MediumItalictheme_4 type_3.png,8_Asap-MediumItalictheme_4 type_3.png,8,3,Asap-MediumItalictheme
8_AveriaLibre-LightItalictheme_3 type_3.png,8_AveriaLibre-LightItalictheme_3 type_3.png,8,3,AveriaLibre-LightItalictheme
8_AveriaLibre-LightItalictheme_4 type_3.png,8_AveriaLibre-LightItalictheme_4 type_3.png,8,3,AveriaLibre-LightItalictheme
8_BalooThambi-Regulartheme_3 type_3.png,8_BalooThambi-Regulartheme_3 type_3.png,8,3,BalooThambi-Regulartheme
8_BalooThambi-Regulartheme_4 type_3.png,8_BalooThambi-Regulartheme_4 type_3.png,8,3,BalooThambi-Regulartheme
9_Asap-MediumItalictheme_1 type_1.png,9_Asap-MediumItalictheme_1 type_1.png,9,1,Asap-MediumItalictheme
9_AveriaLibre-LightItalictheme_1 type_1.png,9_AveriaLibre-LightItalictheme_1 type_1.png,9,1,AveriaLibre-LightItalictheme
9_AveriaSerifLibre-Regulartheme_1 type_1.png,9_AveriaSerifLibre-Regulartheme_1 type_1.png,9,1,AveriaSerifLibre-Regulartheme
9_Changa-Boldtheme_1 type_1.png,9_Changa-Boldtheme_1 type_1.png,9,1,Changa-Boldtheme
9_ChangaOne-Regulartheme_1 type_1.png,9_ChangaOne-Regulartheme_1 type_1.png,9,1,ChangaOne-Regulartheme
9_Chilanka-Regulartheme_1 type_1.png,9_Chilanka-Regulartheme_1 type_1.png,9,1,Chilanka-Regulartheme
9_Asap-MediumItalictheme_2 type_2.png,9_Asap-MediumItalictheme_2 type_2.png,9,2,Asap-MediumItalictheme
9_AveriaLibre-LightItalictheme_2 type_2.png,9_AveriaLibre-LightItalictheme_2 type_2.png,9,2,AveriaLibre-LightItalictheme
9_AveriaSerifLibre-Regulartheme_2 type_2.png,9_AveriaSerifLibre-Regulartheme_2 type_2.png,9,2,AveriaSerifLibre-Regulartheme
9_Changa-Boldtheme_2 type_2.png,9_Changa-Boldtheme_2 type_2.png,9,2,Changa-Boldtheme
9_ChangaOne-Regulartheme_2 type_2.png,9_ChangaOne-Regulartheme_2 type_2.png,9,2,ChangaOne-Regulartheme
9_Chilanka-Regulartheme_2 type_2.png,9_Chilanka-Regulartheme_2 type_2.png,9,2,Chilanka-Regulartheme
9_Asap-MediumItalictheme_3 type_3.png,9_Asap-MediumItalictheme_3 type_3.png,9,3,Asap-MediumItalictheme
9_Asap-MediumItalictheme_4 type_3.png,9_Asap-MediumItalictheme_4 type_3.png,9,3,Asap-MediumItalictheme
9_AveriaLibre-LightItalictheme_3 type_3.png,9_AveriaLibre-LightItalictheme_3 type_3.png,9,3,AveriaLibre-LightItalictheme
9_AveriaLibre-LightItalictheme_4 type_3.png,9_AveriaLibre-LightItalictheme_4 type_3.png,9,3,AveriaLibre-LightItalictheme
9_AveriaSerifLibre-Regulartheme_3 type_3.png,9_AveriaSerifLibre-Regulartheme_3 type_3.png,9,3,AveriaSerifLibre-Regulartheme
9_AveriaSerifLibre-Regulartheme_4 type_3.png,9_AveriaSerifLibre-Regulartheme_4 type_3.png,9,3,AveriaSerifLibre-Regulartheme
