trip_id,transport_mode,mode_type,distance_km,trip_duration_minutes,average_speed_kmph,estimated_cost_inr,city,day_of_week,season,seasonal_factor,ef_baseline,ef_actual,emission_difference,time_period,peak_factor,traffic_condition,traffic_multiplier,recency_weight,time_weight,weather_condition,weather_factor,route_type,route_factor,load_factor,aqi_level,aqi_factor,context_factor,carbon_credits_earned,user_age,user_income_bracket,trip_purpose,timestamp
T001,petrol_car,private,19.35,22.1,52.5,116.1,Hyderabad,Monday,Post-Monsoon,1,0.13,0.13,0,late_night,0.8,moderate,1.1,1,0.88,light_rain,1.1,highway,0.9,0.95,very_poor,1.1,1.035,0,53,low,business,28-04-2025 19:06
T002,petrol_car,private,15.91,39.8,24,95.46,Pune,Sunday,Summer,1.1,0.13,0.13,0,off_peak,1,moderate,1.1,1,1.1,normal,1,city_center,1.2,1,hazardous,1.2,1.44,0,44,medium,shopping,16-08-2025 19:06
T003,petrol_car,private,34.34,90.4,22.8,206.04,Mumbai,Tuesday,Monsoon,1.2,0.13,0.13,0,peak_evening,1.2,heavy,1.3,1,1.56,normal,1,suburban,1,1,very_poor,1.1,1.1,0,44,medium,business,04-10-2025 19:06
T004,petrol_car,private,21.83,32.2,40.7,130.98,Chennai,Monday,Summer,1.1,0.13,0.13,0,peak_morning,1.2,moderate,1.1,1,1.32,favorable,0.95,hilly,1.3,0.95,very_poor,1.1,1.291,0,21,medium,commute,16-07-2025 19:06
T005,petrol_car,private,27.44,68.7,23.9,164.64,Ahmedabad,Friday,Monsoon,1.2,0.13,0.13,0,off_peak,1,light,1,1,1,light_rain,1.1,highway,0.9,1.1,very_poor,1.1,1.198,0,18,low,leisure,01-10-2025 19:06
T006,diesel_car,private,46.39,101.7,27.4,231.95,Bangalore,Wednesday,Winter,0.95,0.13,0.117,0.013,off_peak,1,light,1,1,1,normal,1,suburban,1,1,hazardous,1.2,1.2,0.7237,18,medium,shopping,28-05-2025 19:06
T007,diesel_car,private,38.28,41.1,55.8,191.4,Pune,Thursday,Monsoon,1.2,0.13,0.117,0.013,off_peak,1,moderate,1.1,1,1.1,normal,1,highway,0.9,1.1,very_poor,1.1,1.089,0.5961,36,medium,shopping,07-09-2025 19:06
T008,diesel_car,private,12.21,13.3,55.2,61.05,Bangalore,Tuesday,Winter,0.95,0.13,0.117,0.013,peak_morning,1.2,heavy,1.3,0.9,1.404,favorable,0.95,city_center,1.2,0.95,moderate,1,1.083,0.2414,31,high,commute,30-05-2025 19:06
T009,diesel_car,private,12.17,19,38.3,60.85,Mumbai,Wednesday,Winter,0.95,0.13,0.117,0.013,peak_evening,1.2,light,1,0.9,1.08,heavy_rain,1.2,suburban,1,1,moderate,1,1.2,0.205,30,high,commute,15-08-2025 19:06
T010,diesel_car,private,13.1,18,43.5,65.5,Hyderabad,Monday,Summer,1.1,0.13,0.117,0.013,off_peak,1,moderate,1.1,0.5,0.55,favorable,0.95,hilly,1.3,1,very_poor,1.1,1.358,0.1272,25,low,leisure,29-04-2025 19:06
T011,diesel_car,private,28.09,44.5,37.9,140.45,Ahmedabad,Monday,Monsoon,1.2,0.13,0.117,0.013,off_peak,1,heavy,1.3,0.9,1.17,light_rain,1.1,city_center,1.2,0.95,moderate,1,1.254,0.5358,49,medium,leisure,25-04-2025 19:06
T012,diesel_car,private,1.81,5.4,20.1,9.05,Pune,Thursday,Monsoon,1.2,0.13,0.117,0.013,off_peak,1,heavy,1.3,1,1.3,light_rain,1.1,highway,0.9,0.95,moderate,1,0.94,0.0288,30,low,leisure,29-09-2025 19:06
T013,diesel_car,private,33.34,36.1,55.4,166.7,Ahmedabad,Wednesday,Post-Monsoon,1,0.13,0.117,0.013,off_peak,1,moderate,1.1,0.7,0.77,light_rain,1.1,highway,0.9,0.95,hazardous,1.2,1.129,0.3768,18,medium,shopping,12-06-2025 19:06
T014,electric_car,private,5.62,7.9,42.7,28.1,Ahmedabad,Sunday,Winter,0.95,0.13,0.085,0.045,peak_morning,1.2,light,1,0.9,1.08,heavy_rain,1.2,highway,0.9,1.1,hazardous,1.2,1.426,0.3895,49,medium,commute,30-07-2025 19:06
T015,electric_car,private,12.2,23.8,30.7,61,Hyderabad,Saturday,Summer,1.1,0.13,0.085,0.045,peak_evening,1.2,moderate,1.1,0.9,1.188,favorable,0.95,highway,0.9,1.1,moderate,1,0.94,0.6131,18,medium,business,15-09-2025 19:06
T016,electric_car,private,23.61,26.6,53.2,118.05,Kolkata,Friday,Monsoon,1.2,0.13,0.085,0.045,off_peak,1,moderate,1.1,1,1.1,normal,1,city_center,1.2,1,very_poor,1.1,1.32,1.5427,25,medium,business,30-08-2025 19:06
T017,electric_car,private,41.92,58.7,42.8,209.6,Ahmedabad,Monday,Winter,0.95,0.13,0.085,0.045,peak_evening,1.2,light,1,1,1.2,favorable,0.95,suburban,1,0.95,very_poor,1.1,0.993,2.2478,23,high,business,14-04-2025 19:06
T018,electric_car,private,44.57,56.4,47.4,222.85,Mumbai,Thursday,Winter,0.95,0.13,0.085,0.045,peak_morning,1.2,moderate,1.1,0.7,0.924,normal,1,suburban,1,1,moderate,1,1,1.8532,28,medium,business,24-05-2025 19:06
T019,electric_car,private,23.57,38.5,36.7,117.85,Kolkata,Friday,Post-Monsoon,1,0.13,0.085,0.045,off_peak,1,moderate,1.1,1,1.1,normal,1,suburban,1,1,good,0.95,0.95,1.1084,36,medium,leisure,18-08-2025 19:06
T020,electric_car,private,3.61,6,36.3,18.05,Pune,Thursday,Winter,0.95,0.13,0.085,0.045,off_peak,1,moderate,1.1,1,1.1,normal,1,hilly,1.3,1,moderate,1,1.3,0.2323,24,medium,leisure,15-05-2025 19:06
T021,electric_car,private,43.96,105.5,25,219.8,Hyderabad,Monday,Winter,0.95,0.13,0.085,0.045,off_peak,1,moderate,1.1,1,1.1,light_rain,1.1,suburban,1,1.1,very_poor,1.1,1.331,2.8963,25,medium,leisure,11-06-2025 19:06
T022,electric_car,private,29.45,94.6,18.7,147.25,Pune,Monday,Post-Monsoon,1,0.13,0.085,0.045,off_peak,1,moderate,1.1,0.9,0.99,normal,1,city_center,1.2,1.1,hazardous,1.2,1.584,2.0782,54,medium,leisure,15-05-2025 19:06
T023,electric_car,private,6.21,7.6,49.3,31.05,Kolkata,Thursday,Monsoon,1.2,0.13,0.085,0.045,peak_evening,1.2,moderate,1.1,0.9,1.188,normal,1,city_center,1.2,1,very_poor,1.1,1.32,0.4382,33,high,commute,18-07-2025 19:06
T024,electric_car,private,29.62,58.4,30.4,148.1,Mumbai,Thursday,Winter,0.95,0.13,0.085,0.045,peak_morning,1.2,moderate,1.1,0.9,1.188,normal,1,suburban,1,1,very_poor,1.1,1.1,1.7418,29,high,business,07-09-2025 19:06
T025,electric_car,private,4.98,6,50.1,24.9,Chennai,Wednesday,Post-Monsoon,1,0.13,0.085,0.045,peak_morning,1.2,heavy,1.3,1,1.56,normal,1,hilly,1.3,0.95,hazardous,1.2,1.482,0.5181,27,high,commute,25-04-2025 19:06
T026,electric_car,private,9.63,18,32.2,48.15,Kolkata,Friday,Winter,0.95,0.13,0.085,0.045,off_peak,1,light,1,0.7,0.7,normal,1,suburban,1,1,very_poor,1.1,1.1,0.3337,30,high,business,06-09-2025 19:06
T027,electric_car,private,40.81,64.5,37.9,204.05,Pune,Monday,Winter,0.95,0.13,0.085,0.045,off_peak,1,light,1,1,1,favorable,0.95,city_center,1.2,0.95,very_poor,1.1,1.191,2.1872,31,high,business,19-05-2025 19:06
T028,electric_car,private,16.13,19.2,50.5,80.65,Bangalore,Thursday,Post-Monsoon,1,0.13,0.085,0.045,off_peak,1,moderate,1.1,0.9,0.99,normal,1,suburban,1,1.1,hazardous,1.2,1.32,0.9485,27,high,leisure,27-09-2025 19:06
T029,electric_car,private,34.74,46.2,45.1,173.7,Hyderabad,Thursday,Summer,1.1,0.13,0.085,0.045,off_peak,1,heavy,1.3,0.7,0.91,normal,1,hilly,1.3,1,hazardous,1.2,1.56,2.2193,48,high,business,20-06-2025 19:06
T030,electric_car,private,26.01,38.1,41,130.05,Mumbai,Thursday,Winter,0.95,0.13,0.085,0.045,peak_evening,1.2,light,1,0.9,1.08,normal,1,hilly,1.3,1.1,hazardous,1.2,1.716,2.1692,29,medium,commute,15-06-2025 19:06
T031,electric_car,private,5.56,14.1,23.7,27.8,Pune,Wednesday,Monsoon,1.2,0.13,0.085,0.045,off_peak,1,moderate,1.1,1,1.1,favorable,0.95,suburban,1,1.1,moderate,1,1.045,0.2876,45,medium,leisure,10-06-2025 19:06
T032,electric_car,private,18.52,36.4,30.5,92.6,Chennai,Thursday,Winter,0.95,0.13,0.085,0.045,off_peak,1,light,1,1,1,heavy_rain,1.2,suburban,1,1,very_poor,1.1,1.32,1.1001,22,medium,shopping,26-08-2025 19:06
T033,electric_car,private,13.18,15.8,50.1,65.9,Bangalore,Monday,Winter,0.95,0.13,0.085,0.045,peak_evening,1.2,heavy,1.3,1,1.56,normal,1,city_center,1.2,1.1,moderate,1,1.32,1.2213,55,high,commute,03-09-2025 19:06
T034,hybrid_car,private,35.44,104.5,20.4,177.2,Kolkata,Monday,Post-Monsoon,1,0.13,0.095,0.035,peak_evening,1.2,light,1,0.7,0.84,normal,1,city_center,1.2,1,very_poor,1.1,1.32,1.3754,18,medium,commute,03-07-2025 19:06
T035,hybrid_car,private,34.25,45.4,45.3,171.25,Delhi,Tuesday,Winter,0.95,0.13,0.095,0.035,late_night,0.8,moderate,1.1,1,0.88,normal,1,suburban,1,1,very_poor,1.1,1.1,1.1604,24,medium,business,05-05-2025 19:06
T036,hybrid_car,private,23.42,44.2,31.8,117.1,Kolkata,Thursday,Monsoon,1.2,0.13,0.095,0.035,peak_evening,1.2,light,1,1,1.2,favorable,0.95,city_center,1.2,1,good,0.95,1.083,1.0653,23,high,commute,10-04-2025 19:06
T037,hybrid_car,private,40.84,68.2,35.9,204.2,Mumbai,Saturday,Winter,0.95,0.13,0.095,0.035,off_peak,1,light,1,1,1,normal,1,highway,0.9,1,moderate,1,0.9,1.2865,18,high,leisure,14-05-2025 19:06
T038,hybrid_car,private,23.16,69.1,20.1,115.8,Pune,Wednesday,Monsoon,1.2,0.13,0.095,0.035,peak_evening,1.2,moderate,1.1,0.9,1.188,normal,1,suburban,1,1,very_poor,1.1,1.1,1.0593,58,medium,commute,27-05-2025 19:06
T039,hybrid_car,private,9.82,29.7,19.8,49.1,Mumbai,Tuesday,Post-Monsoon,1,0.13,0.095,0.035,peak_evening,1.2,light,1,1,1.2,normal,1,highway,0.9,1.1,very_poor,1.1,1.089,0.4491,28,medium,commute,12-04-2025 19:06
T040,hybrid_car,private,23.65,30,47.2,118.25,Mumbai,Thursday,Post-Monsoon,1,0.13,0.095,0.035,off_peak,1,heavy,1.3,0.7,0.91,normal,1,suburban,1,0.95,hazardous,1.2,1.14,0.8587,25,medium,leisure,20-08-2025 19:06
T041,hybrid_car,private,17.93,55.8,19.3,89.65,Delhi,Tuesday,Summer,1.1,0.13,0.095,0.035,peak_evening,1.2,moderate,1.1,1,1.32,normal,1,city_center,1.2,1,moderate,1,1.2,0.994,41,high,commute,09-06-2025 19:06
T042,hybrid_car,private,18.22,31.3,34.9,91.1,Pune,Thursday,Monsoon,1.2,0.13,0.095,0.035,peak_morning,1.2,moderate,1.1,0.7,0.924,normal,1,city_center,1.2,1,hazardous,1.2,1.44,0.8485,38,high,commute,17-06-2025 19:06
T043,hybrid_car,private,34.05,96.8,21.1,170.25,Pune,Wednesday,Post-Monsoon,1,0.13,0.095,0.035,peak_evening,1.2,heavy,1.3,0.9,1.404,normal,1,city_center,1.2,1,moderate,1,1.2,2.0079,35,medium,commute,05-08-2025 19:06
T044,hybrid_car,private,36.65,144.6,15.2,183.25,Hyderabad,Tuesday,Winter,0.95,0.13,0.095,0.035,peak_morning,1.2,light,1,0.5,0.6,heavy_rain,1.2,hilly,1.3,0.95,moderate,1,1.482,1.1406,36,high,business,10-04-2025 19:06
T045,hybrid_car,private,37.3,49,45.7,186.5,Hyderabad,Thursday,Winter,0.95,0.13,0.095,0.035,off_peak,1,moderate,1.1,0.5,0.55,favorable,0.95,highway,0.9,1,very_poor,1.1,0.94,0.6749,42,high,shopping,28-06-2025 19:06
T046,hybrid_car,private,15.79,62.7,15.1,78.95,Mumbai,Thursday,Summer,1.1,0.13,0.095,0.035,off_peak,1,moderate,1.1,1,1.1,normal,1,highway,0.9,1,moderate,1,0.9,0.5471,25,medium,leisure,26-04-2025 19:06
T047,hybrid_car,private,17,49.5,20.6,85,Mumbai,Friday,Monsoon,1.2,0.13,0.095,0.035,late_night,0.8,light,1,0.5,0.4,light_rain,1.1,suburban,1,1.1,moderate,1,1.21,0.288,36,high,business,01-09-2025 19:06
T048,hybrid_car,private,9.06,16.2,33.5,45.3,Hyderabad,Wednesday,Summer,1.1,0.13,0.095,0.035,off_peak,1,moderate,1.1,1,1.1,normal,1,highway,0.9,0.95,good,0.95,0.812,0.2832,33,high,leisure,06-05-2025 19:06
T049,motorcycle,private,10.98,22.1,29.8,54.9,Hyderabad,Friday,Monsoon,1.2,0.08,0.029,0.051,peak_evening,1.2,moderate,1.1,0.9,1.188,light_rain,1.1,hilly,1.3,1,moderate,1,1.43,0.9513,45,low,business,29-08-2025 19:06
T050,motorcycle,private,22.7,54.1,25.2,113.5,Kolkata,Monday,Summer,1.1,0.08,0.029,0.051,off_peak,1,moderate,1.1,0.9,0.99,light_rain,1.1,hilly,1.3,1,moderate,1,1.43,1.639,48,low,shopping,02-05-2025 19:06
T051,motorcycle,private,16.43,51.6,19.1,82.15,Pune,Wednesday,Post-Monsoon,1,0.08,0.029,0.051,peak_evening,1.2,moderate,1.1,0.9,1.188,heavy_rain,1.2,suburban,1,1,moderate,1,1.2,1.1946,49,high,commute,19-05-2025 19:06
T052,motorcycle,private,27.4,45.6,36.1,137,Mumbai,Thursday,Monsoon,1.2,0.08,0.029,0.051,peak_morning,1.2,heavy,1.3,1,1.56,normal,1,city_center,1.2,0.95,moderate,1,1.14,2.4851,39,medium,commute,16-08-2025 19:06
T053,motorcycle,private,22.23,57,23.4,111.15,Chennai,Friday,Monsoon,1.2,0.08,0.029,0.051,late_night,0.8,light,1,0.7,0.56,light_rain,1.1,highway,0.9,1.1,good,0.95,1.035,0.6571,65,medium,leisure,01-09-2025 19:06
T054,motorcycle,private,12.25,43.1,17.1,61.25,Pune,Monday,Winter,0.95,0.08,0.029,0.051,off_peak,1,light,1,0.9,0.9,normal,1,city_center,1.2,1,moderate,1,1.2,0.6747,41,medium,leisure,28-04-2025 19:06
T055,motorcycle,private,11.19,19.9,33.8,55.95,Kolkata,Wednesday,Summer,1.1,0.08,0.029,0.051,off_peak,1,moderate,1.1,0.5,0.55,normal,1,hilly,1.3,1.1,very_poor,1.1,1.573,0.4937,25,high,shopping,05-08-2025 19:06
T056,motorcycle,private,6.55,15.1,26,32.75,Hyderabad,Friday,Winter,0.95,0.08,0.029,0.051,peak_morning,1.2,heavy,1.3,0.7,1.092,normal,1,highway,0.9,1,hazardous,1.2,1.08,0.394,33,medium,commute,28-09-2025 19:06
T057,motorcycle,private,25.92,80.8,19.2,129.6,Bangalore,Wednesday,Monsoon,1.2,0.08,0.029,0.051,late_night,0.8,moderate,1.1,1,0.88,normal,1,city_center,1.2,1.1,very_poor,1.1,1.452,1.6891,46,low,leisure,31-07-2025 19:06
T058,motorcycle,private,26.68,61,26.3,133.4,Pune,Friday,Winter,0.95,0.08,0.029,0.051,off_peak,1,moderate,1.1,0.7,0.77,favorable,0.95,suburban,1,0.95,moderate,1,0.902,0.945,50,high,leisure,29-09-2025 19:06
T059,motorcycle,private,22.21,30.8,43.2,111.05,Kolkata,Wednesday,Monsoon,1.2,0.08,0.029,0.051,off_peak,1,heavy,1.3,0.5,0.65,normal,1,suburban,1,1,moderate,1,1,0.7363,47,medium,leisure,14-08-2025 19:06
T060,motorcycle,private,9.19,26.6,20.7,45.95,Ahmedabad,Thursday,Summer,1.1,0.08,0.029,0.051,late_night,0.8,moderate,1.1,0.7,0.616,favorable,0.95,hilly,1.3,1,very_poor,1.1,1.358,0.3921,28,medium,leisure,14-09-2025 19:06
T061,motorcycle,private,25.13,34.9,43.2,125.65,Pune,Monday,Winter,0.95,0.08,0.029,0.051,late_night,0.8,moderate,1.1,0.5,0.44,light_rain,1.1,city_center,1.2,1.1,hazardous,1.2,1.742,0.9823,18,medium,shopping,09-09-2025 19:06
T062,motorcycle,private,27.05,136.6,11.9,135.25,Chennai,Sunday,Winter,0.95,0.08,0.029,0.051,off_peak,1,moderate,1.1,0.5,0.55,normal,1,highway,0.9,1,very_poor,1.1,0.99,0.7512,41,medium,shopping,31-08-2025 19:06
T063,motorcycle,private,23.24,67,20.8,116.2,Pune,Tuesday,Monsoon,1.2,0.08,0.029,0.051,peak_morning,1.2,light,1,0.9,1.08,favorable,0.95,city_center,1.2,0.95,moderate,1,1.083,1.3863,41,low,commute,17-07-2025 19:06
T064,motorcycle,private,15.14,45.7,19.9,75.7,Bangalore,Monday,Winter,0.95,0.08,0.029,0.051,off_peak,1,moderate,1.1,0.7,0.77,light_rain,1.1,suburban,1,1,hazardous,1.2,1.32,0.7848,33,medium,leisure,10-04-2025 19:06
T065,motorcycle,private,8.53,12.1,42.3,42.65,Pune,Friday,Monsoon,1.2,0.08,0.029,0.051,off_peak,1,moderate,1.1,0.5,0.55,favorable,0.95,hilly,1.3,1,hazardous,1.2,1.482,0.3546,37,high,shopping,11-09-2025 19:06
T066,motorcycle,private,27.15,72.4,22.5,135.75,Pune,Thursday,Summer,1.1,0.08,0.029,0.051,off_peak,1,moderate,1.1,0.9,0.99,normal,1,hilly,1.3,0.95,hazardous,1.2,1.482,2.0315,18,medium,leisure,13-04-2025 19:06
T067,motorcycle,private,3.9,5.2,45.4,19.5,Bangalore,Tuesday,Monsoon,1.2,0.08,0.029,0.051,peak_evening,1.2,moderate,1.1,0.9,1.188,heavy_rain,1.2,suburban,1,1,very_poor,1.1,1.32,0.3119,19,medium,commute,20-06-2025 19:06
T068,motorcycle,private,17.39,21,49.6,86.95,Bangalore,Friday,Monsoon,1.2,0.08,0.029,0.051,off_peak,1,moderate,1.1,0.9,0.99,normal,1,highway,0.9,0.95,moderate,1,0.855,0.7507,51,medium,leisure,29-04-2025 19:06
T069,motorcycle,private,28.01,54.4,30.9,140.05,Mumbai,Tuesday,Winter,0.95,0.08,0.029,0.051,peak_morning,1.2,heavy,1.3,0.9,1.404,heavy_rain,1.2,hilly,1.3,1,hazardous,1.2,1.872,3.7545,26,low,commute,17-05-2025 19:06
T070,motorcycle,private,9.26,11.5,48.3,46.3,Kolkata,Friday,Winter,0.95,0.08,0.029,0.051,off_peak,1,moderate,1.1,1,1.1,light_rain,1.1,highway,0.9,1.1,good,0.95,1.035,0.5377,18,medium,leisure,28-08-2025 19:06
T071,motorcycle,private,26.43,92.9,17.1,132.15,Delhi,Monday,Post-Monsoon,1,0.08,0.029,0.051,late_night,0.8,moderate,1.1,1,0.88,light_rain,1.1,highway,0.9,0.95,good,0.95,0.893,1.0593,49,medium,leisure,08-06-2025 19:06
T072,motorcycle,private,10.83,40.2,16.2,54.15,Ahmedabad,Wednesday,Monsoon,1.2,0.08,0.029,0.051,peak_morning,1.2,light,1,1,1.2,favorable,0.95,suburban,1,1,good,0.95,0.902,0.5978,54,medium,commute,03-06-2025 19:06
T073,motorcycle,private,16.34,37.2,26.3,81.7,Pune,Monday,Monsoon,1.2,0.08,0.029,0.051,off_peak,1,moderate,1.1,1,1.1,favorable,0.95,hilly,1.3,0.95,very_poor,1.1,1.291,1.1834,41,medium,leisure,13-04-2025 19:06
T074,electric_scooter,private,12.65,54.6,13.9,37.95,Delhi,Thursday,Post-Monsoon,1,0.08,0.02,0.06,peak_morning,1.2,heavy,1.3,0.9,1.404,heavy_rain,1.2,highway,0.9,1,good,0.95,1.026,1.0933,48,medium,business,03-09-2025 19:06
T075,electric_scooter,private,22.03,57.5,23,66.09,Delhi,Wednesday,Post-Monsoon,1,0.08,0.02,0.06,off_peak,1,moderate,1.1,0.7,0.77,favorable,0.95,suburban,1,1,moderate,1,0.95,0.9669,47,medium,leisure,19-04-2025 19:06
T076,electric_scooter,private,3.66,8.9,24.7,10.98,Mumbai,Monday,Summer,1.1,0.08,0.02,0.06,peak_evening,1.2,moderate,1.1,0.9,1.188,favorable,0.95,city_center,1.2,1.1,moderate,1,1.254,0.3271,53,low,commute,10-07-2025 19:06
T077,electric_scooter,private,20.56,51.2,24.1,61.68,Ahmedabad,Thursday,Winter,0.95,0.08,0.02,0.06,peak_morning,1.2,heavy,1.3,1,1.56,normal,1,hilly,1.3,1.1,moderate,1,1.43,2.7519,44,low,commute,21-05-2025 19:06
T078,electric_scooter,private,12.1,79.6,9.1,36.3,Mumbai,Tuesday,Summer,1.1,0.08,0.02,0.06,peak_morning,1.2,heavy,1.3,0.9,1.404,favorable,0.95,suburban,1,1,moderate,1,0.95,0.9683,43,medium,commute,10-04-2025 19:06
T079,electric_scooter,private,6.69,33.7,11.9,20.07,Bangalore,Tuesday,Post-Monsoon,1,0.08,0.02,0.06,peak_morning,1.2,heavy,1.3,0.7,1.092,favorable,0.95,highway,0.9,1,hazardous,1.2,1.026,0.4497,28,high,commute,06-07-2025 19:06
T080,electric_scooter,private,18.42,96.9,11.4,55.26,Mumbai,Thursday,Summer,1.1,0.08,0.02,0.06,late_night,0.8,light,1,1,0.8,normal,1,suburban,1,1,very_poor,1.1,1.1,0.9726,45,medium,shopping,21-09-2025 19:06
T081,electric_scooter,private,12.05,45.6,15.9,36.15,Hyderabad,Monday,Winter,0.95,0.08,0.02,0.06,off_peak,1,heavy,1.3,0.9,1.17,heavy_rain,1.2,city_center,1.2,1,very_poor,1.1,1.584,1.3399,41,high,leisure,14-07-2025 19:06
T082,electric_scooter,private,11.04,71.8,9.2,33.12,Ahmedabad,Wednesday,Post-Monsoon,1,0.08,0.02,0.06,peak_morning,1.2,moderate,1.1,0.7,0.924,normal,1,hilly,1.3,1,very_poor,1.1,1.43,0.8752,31,medium,commute,23-04-2025 19:06
T083,electric_scooter,private,7.65,56.2,8.2,22.95,Chennai,Monday,Monsoon,1.2,0.08,0.02,0.06,off_peak,1,light,1,1,1,heavy_rain,1.2,suburban,1,1,very_poor,1.1,1.32,0.6059,63,medium,shopping,01-05-2025 19:06
T084,electric_scooter,private,1.31,4.2,18.8,3.93,Bangalore,Friday,Monsoon,1.2,0.08,0.02,0.06,peak_morning,1.2,moderate,1.1,0.7,0.924,normal,1,hilly,1.3,1,moderate,1,1.3,0.0944,34,low,commute,25-07-2025 19:06
T085,electric_scooter,private,1.77,6.3,16.9,5.31,Delhi,Wednesday,Monsoon,1.2,0.08,0.02,0.06,off_peak,1,moderate,1.1,1,1.1,normal,1,suburban,1,0.95,moderate,1,0.95,0.111,50,medium,shopping,24-09-2025 19:06
T086,electric_scooter,private,6.55,22.5,17.4,19.65,Delhi,Thursday,Summer,1.1,0.08,0.02,0.06,peak_morning,1.2,light,1,1,1.2,favorable,0.95,city_center,1.2,1,very_poor,1.1,1.254,0.5914,37,medium,commute,11-08-2025 19:06
T087,electric_scooter,private,24.38,105.4,13.9,73.14,Chennai,Friday,Monsoon,1.2,0.08,0.02,0.06,off_peak,1,heavy,1.3,1,1.3,heavy_rain,1.2,highway,0.9,1,hazardous,1.2,1.296,2.4645,39,medium,leisure,17-08-2025 19:06
T088,electric_scooter,private,21.74,55.5,23.5,65.22,Chennai,Wednesday,Summer,1.1,0.08,0.02,0.06,off_peak,1,moderate,1.1,0.5,0.55,normal,1,suburban,1,1,good,0.95,0.95,0.6815,42,low,shopping,15-09-2025 19:06
T089,electric_scooter,private,18.46,71.1,15.6,55.38,Ahmedabad,Thursday,Monsoon,1.2,0.08,0.02,0.06,peak_morning,1.2,moderate,1.1,0.5,0.66,light_rain,1.1,suburban,1,1.1,very_poor,1.1,1.331,0.973,34,low,business,28-07-2025 19:06
T090,electric_scooter,private,16.48,42.9,23,49.44,Hyderabad,Monday,Monsoon,1.2,0.08,0.02,0.06,peak_evening,1.2,moderate,1.1,0.9,1.188,heavy_rain,1.2,suburban,1,1,moderate,1,1.2,1.4096,49,low,commute,26-09-2025 19:06
T091,electric_scooter,private,16.9,50.7,20,50.7,Ahmedabad,Thursday,Post-Monsoon,1,0.08,0.02,0.06,peak_morning,1.2,moderate,1.1,1,1.32,favorable,0.95,highway,0.9,1,very_poor,1.1,0.94,1.2582,18,medium,commute,20-06-2025 19:06
T092,electric_scooter,private,13.73,84.4,9.8,41.19,Bangalore,Monday,Winter,0.95,0.08,0.02,0.06,peak_morning,1.2,light,1,0.9,1.08,light_rain,1.1,hilly,1.3,1,hazardous,1.2,1.716,1.5267,49,low,commute,24-08-2025 19:06
T093,electric_scooter,private,0.93,5.2,10.7,2.79,Hyderabad,Friday,Winter,0.95,0.08,0.02,0.06,peak_evening,1.2,light,1,1,1.2,light_rain,1.1,highway,0.9,1,moderate,1,0.99,0.0663,26,low,commute,02-09-2025 19:06
T094,autorickshaw_petrol,shared,13.4,28.5,28.2,119.2,Mumbai,Tuesday,Monsoon,1.2,0.13,0.1135,0.0165,late_night,0.8,heavy,1.3,0.7,0.728,light_rain,1.1,hilly,1.3,1,moderate,1,1.43,0.2302,41,low,shopping,14-08-2025 19:06
T095,autorickshaw_petrol,shared,13.51,36.3,22.3,120.08,Hyderabad,Tuesday,Monsoon,1.2,0.13,0.1135,0.0165,peak_evening,1.2,heavy,1.3,0.7,1.092,normal,1,city_center,1.2,0.95,very_poor,1.1,1.254,0.3053,30,low,commute,16-07-2025 19:06
T096,autorickshaw_petrol,shared,17.62,64.6,16.4,152.96,Kolkata,Wednesday,Winter,0.95,0.13,0.1135,0.0165,peak_evening,1.2,light,1,1,1.2,light_rain,1.1,city_center,1.2,1,moderate,1,1.32,0.4605,37,low,commute,01-09-2025 19:06
T097,autorickshaw_petrol,shared,4.93,18.1,16.4,51.44,Delhi,Wednesday,Winter,0.95,0.13,0.1135,0.0165,peak_morning,1.2,moderate,1.1,1,1.32,normal,1,highway,0.9,0.95,very_poor,1.1,0.94,0.1009,18,low,commute,21-09-2025 19:06
T098,autorickshaw_petrol,shared,8.19,21.9,22.4,77.52,Bangalore,Monday,Post-Monsoon,1,0.13,0.1135,0.0165,peak_evening,1.2,moderate,1.1,0.9,1.188,normal,1,suburban,1,0.95,moderate,1,0.95,0.1525,62,low,business,17-09-2025 19:06
T099,autorickshaw_petrol,shared,2.48,13.9,10.7,31.84,Bangalore,Monday,Post-Monsoon,1,0.13,0.1135,0.0165,peak_evening,1.2,heavy,1.3,0.9,1.404,light_rain,1.1,city_center,1.2,1,moderate,1,1.32,0.0758,53,low,commute,28-08-2025 19:06
T100,autorickshaw_petrol,shared,10.74,29.4,21.9,97.92,Bangalore,Monday,Monsoon,1.2,0.13,0.1135,0.0165,off_peak,1,heavy,1.3,0.9,1.17,light_rain,1.1,highway,0.9,0.95,good,0.95,0.893,0.1852,44,low,leisure,15-09-2025 19:06
T101,autorickshaw_petrol,shared,17.74,61.4,17.3,153.92,Delhi,Friday,Monsoon,1.2,0.13,0.1135,0.0165,peak_morning,1.2,heavy,1.3,0.5,0.78,normal,1,highway,0.9,1,moderate,1,0.9,0.2055,43,low,business,29-07-2025 19:06
T102,autorickshaw_petrol,shared,3.78,13.7,16.6,42.24,Kolkata,Monday,Winter,0.95,0.13,0.1135,0.0165,off_peak,1,light,1,0.9,0.9,heavy_rain,1.2,city_center,1.2,1,hazardous,1.2,1.728,0.097,26,low,leisure,03-08-2025 19:06
T103,autorickshaw_petrol,shared,3.16,19.5,9.7,37.28,Ahmedabad,Thursday,Monsoon,1.2,0.13,0.1135,0.0165,off_peak,1,moderate,1.1,0.5,0.55,normal,1,city_center,1.2,1.1,moderate,1,1.32,0.0379,38,low,leisure,25-07-2025 19:06
T104,autorickshaw_petrol,shared,6.81,18.3,22.3,66.48,Hyderabad,Tuesday,Summer,1.1,0.13,0.1135,0.0165,peak_morning,1.2,heavy,1.3,0.7,1.092,normal,1,hilly,1.3,1,hazardous,1.2,1.56,0.1914,28,low,business,12-07-2025 19:06
T105,autorickshaw_petrol,shared,13.55,45.4,17.9,120.4,Ahmedabad,Monday,Summer,1.1,0.13,0.1135,0.0165,late_night,0.8,moderate,1.1,1,0.88,normal,1,highway,0.9,1,very_poor,1.1,0.99,0.1948,23,low,leisure,23-05-2025 19:06
T106,autorickshaw_cng,shared,16.01,44.2,21.7,140.08,Delhi,Friday,Post-Monsoon,1,0.13,0.10768,0.02232,late_night,0.8,heavy,1.3,0.5,0.52,light_rain,1.1,city_center,1.2,1,good,0.95,1.254,0.233,42,medium,shopping,20-09-2025 19:06
T107,autorickshaw_cng,shared,10.38,21.7,28.7,95.04,Delhi,Wednesday,Post-Monsoon,1,0.13,0.10768,0.02232,peak_morning,1.2,heavy,1.3,1,1.56,light_rain,1.1,city_center,1.2,1,very_poor,1.1,1.452,0.5248,35,medium,commute,18-04-2025 19:06
T108,autorickshaw_cng,shared,11.7,63.2,11.1,105.6,Pune,Tuesday,Winter,0.95,0.13,0.10768,0.02232,peak_evening,1.2,heavy,1.3,0.9,1.404,light_rain,1.1,highway,0.9,1,moderate,1,0.99,0.363,18,low,commute,10-05-2025 19:06
T109,autorickshaw_cng,shared,0.95,2.2,26.2,19.6,Chennai,Wednesday,Summer,1.1,0.13,0.10768,0.02232,peak_morning,1.2,heavy,1.3,0.9,1.404,normal,1,suburban,1,1,good,0.95,0.95,0.0283,45,low,business,11-09-2025 19:06
T110,autorickshaw_cng,shared,13.49,29.7,27.3,119.92,Kolkata,Monday,Monsoon,1.2,0.13,0.10768,0.02232,peak_morning,1.2,moderate,1.1,0.7,0.924,light_rain,1.1,highway,0.9,1.1,hazardous,1.2,1.307,0.3636,18,low,business,05-07-2025 19:06
T111,autorickshaw_cng,shared,0.84,4.3,11.8,18.72,Kolkata,Monday,Summer,1.1,0.13,0.10768,0.02232,off_peak,1,heavy,1.3,1,1.3,normal,1,city_center,1.2,1,very_poor,1.1,1.32,0.0322,42,low,leisure,13-06-2025 19:06
T112,autorickshaw_cng,shared,3.97,10,23.9,43.76,Kolkata,Friday,Summer,1.1,0.13,0.10768,0.02232,off_peak,1,moderate,1.1,1,1.1,light_rain,1.1,highway,0.9,1.1,very_poor,1.1,1.198,0.1168,51,low,business,29-09-2025 19:06
T113,autorickshaw_cng,shared,10.75,29.8,21.6,98,Kolkata,Monday,Winter,0.95,0.13,0.10768,0.02232,peak_evening,1.2,heavy,1.3,1,1.56,favorable,0.95,city_center,1.2,1,very_poor,1.1,1.254,0.4694,39,low,commute,16-07-2025 19:06
T114,autorickshaw_cng,shared,1.76,7.9,13.4,26.08,Delhi,Wednesday,Summer,1.1,0.13,0.10768,0.02232,peak_morning,1.2,heavy,1.3,1,1.56,normal,1,city_center,1.2,1.1,very_poor,1.1,1.452,0.089,51,low,business,09-04-2025 19:06
T115,autorickshaw_cng,shared,17.26,41.1,25.2,150.08,Chennai,Thursday,Monsoon,1.2,0.13,0.10768,0.02232,peak_evening,1.2,light,1,0.5,0.6,heavy_rain,1.2,city_center,1.2,0.95,moderate,1,1.368,0.3162,32,medium,commute,12-04-2025 19:06
T116,autorickshaw_cng,shared,12.47,78.1,9.6,111.76,Ahmedabad,Monday,Winter,0.95,0.13,0.10768,0.02232,peak_morning,1.2,moderate,1.1,0.9,1.188,normal,1,city_center,1.2,1.1,moderate,1,1.32,0.4365,30,low,commute,11-05-2025 19:06
T117,autorickshaw_cng,shared,14.88,105.5,8.5,131.04,Ahmedabad,Wednesday,Post-Monsoon,1,0.13,0.10768,0.02232,peak_evening,1.2,heavy,1.3,1,1.56,normal,1,city_center,1.2,1.1,moderate,1,1.32,0.6839,38,medium,commute,23-05-2025 19:06
T118,autorickshaw_cng,shared,15.5,31.7,29.3,136,Kolkata,Monday,Summer,1.1,0.13,0.10768,0.02232,off_peak,1,heavy,1.3,0.7,0.91,heavy_rain,1.2,city_center,1.2,1,moderate,1,1.44,0.4533,26,low,leisure,04-10-2025 19:06
T119,autorickshaw_cng,shared,12.24,34.2,21.5,109.92,Hyderabad,Tuesday,Post-Monsoon,1,0.13,0.10768,0.02232,peak_evening,1.2,moderate,1.1,1,1.32,normal,1,suburban,1,0.95,hazardous,1.2,1.14,0.4111,27,low,commute,17-04-2025 19:06
T120,autorickshaw_cng,shared,4.35,14.4,18.1,46.8,Ahmedabad,Friday,Monsoon,1.2,0.13,0.10768,0.02232,off_peak,1,moderate,1.1,0.7,0.77,favorable,0.95,city_center,1.2,0.95,good,0.95,1.029,0.0769,19,low,shopping,08-05-2025 19:06
T121,bus_city,public,14.72,35.7,24.8,29.44,Ahmedabad,Thursday,Winter,0.95,0.13,0.015161,0.114839,off_peak,1,heavy,1.3,0.7,0.91,light_rain,1.1,city_center,1.2,1,moderate,1,1.32,2.0305,49,medium,shopping,13-09-2025 19:06
T122,bus_city,public,22.82,90.7,15.1,45.64,Delhi,Friday,Post-Monsoon,1,0.13,0.015161,0.114839,peak_morning,1.2,heavy,1.3,0.5,0.78,light_rain,1.1,city_center,1.2,1.1,moderate,1,1.452,2.968,45,low,business,04-05-2025 19:06
T123,bus_city,public,10.17,46.5,13.1,20.34,Pune,Wednesday,Monsoon,1.2,0.13,0.015161,0.114839,off_peak,1,moderate,1.1,0.7,0.77,heavy_rain,1.2,suburban,1,1,moderate,1,1.2,1.0792,42,low,shopping,12-09-2025 19:06
T124,bus_city,public,24.88,118.4,12.6,49.76,Delhi,Thursday,Monsoon,1.2,0.13,0.015161,0.114839,peak_morning,1.2,heavy,1.3,0.9,1.404,light_rain,1.1,city_center,1.2,0.95,very_poor,1.1,1.379,5.5319,24,medium,commute,12-09-2025 19:06
T125,bus_city,public,26.29,75.7,20.9,52.58,Delhi,Wednesday,Winter,0.95,0.13,0.015161,0.114839,peak_evening,1.2,heavy,1.3,0.7,1.092,normal,1,city_center,1.2,1,moderate,1,1.2,3.9563,18,low,commute,20-08-2025 19:06
T126,bus_city,public,27.75,87.4,19.1,55.5,Delhi,Monday,Monsoon,1.2,0.13,0.015161,0.114839,peak_evening,1.2,moderate,1.1,1,1.32,normal,1,city_center,1.2,1,moderate,1,1.2,5.0479,41,medium,commute,04-07-2025 19:06
T127,bus_city,public,16.49,35.1,28.2,32.98,Delhi,Saturday,Monsoon,1.2,0.13,0.015161,0.114839,off_peak,1,heavy,1.3,1,1.3,favorable,0.95,city_center,1.2,0.95,moderate,1,1.083,2.6661,20,low,leisure,28-06-2025 19:06
T128,bus_city,public,33.87,95.7,21.2,67.74,Kolkata,Tuesday,Winter,0.95,0.13,0.015161,0.114839,peak_evening,1.2,light,1,1,1.2,heavy_rain,1.2,city_center,1.2,1,very_poor,1.1,1.584,7.3933,32,low,commute,21-06-2025 19:06
T129,bus_city,public,39,82.8,28.3,78,Delhi,Sunday,Winter,0.95,0.13,0.015161,0.114839,off_peak,1,heavy,1.3,0.5,0.65,favorable,0.95,suburban,1,1.1,moderate,1,1.045,3.0422,45,low,leisure,11-07-2025 19:06
T130,bus_city,public,35.09,75,28.1,70.18,Mumbai,Friday,Monsoon,1.2,0.13,0.015161,0.114839,peak_evening,1.2,heavy,1.3,1,1.56,light_rain,1.1,city_center,1.2,0.95,very_poor,1.1,1.379,8.6689,47,low,business,30-06-2025 19:06
T131,bus_city,public,37.64,74.9,30.2,75.28,Delhi,Sunday,Monsoon,1.2,0.13,0.015161,0.114839,off_peak,1,moderate,1.1,0.9,0.99,normal,1,suburban,1,1,very_poor,1.1,1.1,4.7072,18,low,shopping,18-08-2025 19:06
T132,bus_city,public,27.4,141.4,11.6,54.8,Hyderabad,Tuesday,Summer,1.1,0.13,0.015161,0.114839,peak_evening,1.2,moderate,1.1,0.7,0.924,favorable,0.95,city_center,1.2,1,good,0.95,1.083,3.1488,38,medium,commute,25-08-2025 19:06
T133,bus_city,public,22.71,45.5,29.9,45.42,Pune,Tuesday,Post-Monsoon,1,0.13,0.015161,0.114839,peak_morning,1.2,moderate,1.1,1,1.32,light_rain,1.1,suburban,1,1,moderate,1,1.1,3.7868,25,medium,commute,25-08-2025 19:06
T134,bus_city,public,38.77,68,34.2,77.54,Bangalore,Friday,Post-Monsoon,1,0.13,0.015161,0.114839,peak_morning,1.2,moderate,1.1,1,1.32,normal,1,city_center,1.2,1,moderate,1,1.2,7.0525,44,low,commute,21-08-2025 19:06
T135,bus_city,public,27.96,54.9,30.6,55.92,Delhi,Monday,Monsoon,1.2,0.13,0.015161,0.114839,peak_evening,1.2,heavy,1.3,1,1.56,favorable,0.95,suburban,1,1,moderate,1,0.95,4.7586,38,low,commute,27-09-2025 19:06
T136,bus_city,public,17.53,65.8,16,35.06,Chennai,Saturday,Monsoon,1.2,0.13,0.015161,0.114839,peak_evening,1.2,moderate,1.1,0.7,0.924,normal,1,city_center,1.2,1,very_poor,1.1,1.32,2.4554,41,medium,commute,16-07-2025 19:06
T137,bus_city,public,12.16,50.8,14.4,24.32,Mumbai,Thursday,Post-Monsoon,1,0.13,0.015161,0.114839,off_peak,1,heavy,1.3,0.9,1.17,normal,1,suburban,1,1,hazardous,1.2,1.2,1.9606,53,medium,leisure,11-07-2025 19:06
T138,bus_city,public,28.15,118.7,14.2,56.3,Delhi,Wednesday,Summer,1.1,0.13,0.015161,0.114839,peak_morning,1.2,heavy,1.3,0.5,0.78,normal,1,suburban,1,1,moderate,1,1,2.5215,38,medium,commute,28-06-2025 19:06
T139,bus_city,public,30.16,65.8,27.5,60.32,Chennai,Monday,Post-Monsoon,1,0.13,0.015161,0.114839,peak_evening,1.2,heavy,1.3,1,1.56,heavy_rain,1.2,city_center,1.2,1,good,0.95,1.368,7.3915,22,medium,business,04-08-2025 19:06
T140,bus_city,public,28.42,60.3,28.3,56.84,Mumbai,Monday,Post-Monsoon,1,0.13,0.015161,0.114839,peak_evening,1.2,heavy,1.3,1,1.56,heavy_rain,1.2,city_center,1.2,1,very_poor,1.1,1.584,8.0648,44,low,commute,28-09-2025 19:06
T141,bus_city,public,31.69,66.9,28.4,63.38,Mumbai,Saturday,Monsoon,1.2,0.13,0.015161,0.114839,peak_evening,1.2,moderate,1.1,0.7,0.924,normal,1,city_center,1.2,1,very_poor,1.1,1.32,4.4387,20,low,commute,02-08-2025 19:06
T142,bus_city,public,31.95,71.2,26.9,63.9,Chennai,Monday,Summer,1.1,0.13,0.015161,0.114839,peak_evening,1.2,heavy,1.3,0.5,0.78,light_rain,1.1,city_center,1.2,1,very_poor,1.1,1.452,4.1555,37,medium,commute,16-04-2025 19:06
T143,bus_city,public,35.91,99.1,21.7,71.82,Ahmedabad,Tuesday,Winter,0.95,0.13,0.015161,0.114839,peak_evening,1.2,moderate,1.1,0.5,0.66,heavy_rain,1.2,city_center,1.2,1,moderate,1,1.44,3.9193,18,low,commute,18-05-2025 19:06
T144,bus_city,public,12.45,32.1,23.3,24.9,Bangalore,Wednesday,Post-Monsoon,1,0.13,0.015161,0.114839,peak_evening,1.2,heavy,1.3,1,1.56,normal,1,city_center,1.2,0.95,hazardous,1.2,1.368,3.0512,38,low,business,18-05-2025 19:06
T145,bus_city,public,22.43,42.6,31.6,44.86,Hyderabad,Monday,Summer,1.1,0.13,0.015161,0.114839,peak_morning,1.2,heavy,1.3,1,1.56,favorable,0.95,suburban,1,1,moderate,1,0.95,3.8174,47,medium,commute,12-04-2025 19:06
T146,bus_city,public,24.42,54.8,26.7,48.84,Mumbai,Thursday,Post-Monsoon,1,0.13,0.015161,0.114839,peak_evening,1.2,heavy,1.3,1,1.56,normal,1,city_center,1.2,1.1,moderate,1,1.32,5.7748,39,low,business,26-09-2025 19:06
T147,bus_city,public,17.31,52,20,34.62,Kolkata,Monday,Monsoon,1.2,0.13,0.015161,0.114839,peak_morning,1.2,moderate,1.1,0.5,0.66,normal,1,suburban,1,0.95,moderate,1,0.95,1.2464,38,low,commute,06-05-2025 19:06
T148,bus_city,public,27.77,50.6,32.9,55.54,Pune,Monday,Post-Monsoon,1,0.13,0.015161,0.114839,peak_evening,1.2,moderate,1.1,0.9,1.188,normal,1,city_center,1.2,1,moderate,1,1.2,4.5464,40,medium,business,29-04-2025 19:06
T149,bus_city,public,37.89,192.8,11.8,75.78,Hyderabad,Thursday,Winter,0.95,0.13,0.015161,0.114839,peak_morning,1.2,heavy,1.3,1,1.56,light_rain,1.1,city_center,1.2,1.1,good,0.95,1.379,9.3606,35,medium,commute,03-08-2025 19:06
T150,bus_city,public,28.47,79.6,21.5,56.94,Hyderabad,Monday,Post-Monsoon,1,0.13,0.015161,0.114839,peak_evening,1.2,heavy,1.3,0.5,0.78,heavy_rain,1.2,city_center,1.2,1,moderate,1,1.44,3.6723,21,low,commute,30-08-2025 19:06
T151,metro_subway,public,16.39,25.3,38.8,49.17,Delhi,Monday,Winter,0.95,0.13,0.008,0.122,off_peak,1,light,1,1,1,favorable,0.95,city_center,1.2,1,very_poor,1.1,1.254,2.5075,30,medium,leisure,11-07-2025 19:06
T152,metro_subway,public,14.83,25.4,35,44.49,Mumbai,Friday,Summer,1.1,0.13,0.008,0.122,peak_morning,1.2,heavy,1.3,1,1.56,favorable,0.95,city_center,1.2,1,moderate,1,1.14,3.2176,32,medium,commute,07-05-2025 19:06
T153,metro_subway,public,19.07,25.6,44.8,57.21,Chennai,Monday,Monsoon,1.2,0.13,0.008,0.122,peak_evening,1.2,moderate,1.1,0.7,0.924,favorable,0.95,city_center,1.2,1,good,0.95,1.083,2.3281,19,high,commute,20-04-2025 19:06
T154,metro_subway,public,28.85,35,49.5,60,Delhi,Wednesday,Monsoon,1.2,0.13,0.008,0.122,off_peak,1,moderate,1.1,0.7,0.77,light_rain,1.1,city_center,1.2,1,very_poor,1.1,1.452,3.9352,18,medium,business,02-10-2025 19:06
T155,metro_subway,public,23.11,53.8,25.8,60,Bangalore,Thursday,Winter,0.95,0.13,0.008,0.122,peak_evening,1.2,heavy,1.3,1,1.56,normal,1,city_center,1.2,0.95,very_poor,1.1,1.254,5.5155,43,medium,business,02-06-2025 19:06
T156,metro_subway,public,21.19,31.1,40.8,60,Pune,Monday,Monsoon,1.2,0.13,0.008,0.122,peak_evening,1.2,moderate,1.1,1,1.32,light_rain,1.1,suburban,1,1.1,good,0.95,1.15,3.9243,47,low,commute,26-05-2025 19:06
T157,metro_subway,public,21.66,51.7,25.2,60,Bangalore,Wednesday,Summer,1.1,0.13,0.008,0.122,peak_morning,1.2,heavy,1.3,1,1.56,light_rain,1.1,suburban,1,1,moderate,1,1.1,4.5346,60,medium,commute,21-04-2025 19:06
T158,metro_subway,public,27.97,65.7,25.6,60,Pune,Wednesday,Winter,0.95,0.13,0.008,0.122,peak_morning,1.2,moderate,1.1,0.9,1.188,light_rain,1.1,suburban,1,1,good,0.95,1.045,4.2363,42,low,commute,01-05-2025 19:06
T159,metro_subway,public,20.95,27.9,45.1,60,Hyderabad,Thursday,Winter,0.95,0.13,0.008,0.122,peak_morning,1.2,moderate,1.1,0.9,1.188,normal,1,city_center,1.2,1.1,moderate,1,1.32,4.0081,21,medium,business,08-08-2025 19:06
T160,metro_subway,public,25.69,36.1,42.7,60,Pune,Thursday,Summer,1.1,0.13,0.008,0.122,peak_morning,1.2,moderate,1.1,1,1.32,normal,1,city_center,1.2,1,very_poor,1.1,1.32,5.461,18,low,commute,25-05-2025 19:06
T161,metro_subway,public,29.89,42.5,42.2,60,Delhi,Thursday,Post-Monsoon,1,0.13,0.008,0.122,peak_morning,1.2,heavy,1.3,0.7,1.092,normal,1,suburban,1,1,moderate,1,1,3.9821,32,high,commute,08-06-2025 19:06
T162,metro_subway,public,27.59,59.9,27.6,60,Hyderabad,Sunday,Monsoon,1.2,0.13,0.008,0.122,peak_morning,1.2,heavy,1.3,1,1.56,normal,1,city_center,1.2,1,good,0.95,1.14,5.9861,27,medium,business,26-08-2025 19:06
T163,metro_subway,public,17.15,23.5,43.9,51.45,Kolkata,Tuesday,Winter,0.95,0.13,0.008,0.122,peak_morning,1.2,moderate,1.1,0.7,0.924,normal,1,city_center,1.2,1,very_poor,1.1,1.32,2.5519,39,medium,commute,29-09-2025 19:06
T164,metro_subway,public,24.25,46.9,31,60,Hyderabad,Tuesday,Winter,0.95,0.13,0.008,0.122,peak_evening,1.2,heavy,1.3,0.7,1.092,normal,1,city_center,1.2,1,moderate,1,1.2,3.8768,30,low,commute,28-06-2025 19:06
T165,metro_subway,public,11.43,25.5,26.9,34.29,Pune,Friday,Winter,0.95,0.13,0.008,0.122,peak_evening,1.2,moderate,1.1,0.9,1.188,normal,1,city_center,1.2,1,moderate,1,1.2,1.9879,29,high,commute,25-05-2025 19:06
T166,metro_subway,public,28.35,37.2,45.7,60,Pune,Friday,Summer,1.1,0.13,0.008,0.122,peak_morning,1.2,moderate,1.1,0.9,1.188,normal,1,city_center,1.2,0.95,moderate,1,1.14,4.6842,19,medium,commute,08-08-2025 19:06
T167,metro_subway,public,21.44,37.7,34.1,60,Bangalore,Friday,Monsoon,1.2,0.13,0.008,0.122,peak_evening,1.2,moderate,1.1,0.5,0.66,heavy_rain,1.2,city_center,1.2,1,good,0.95,1.368,2.3616,35,high,commute,10-09-2025 19:06
T168,metro_subway,public,29.69,67.2,26.5,60,Hyderabad,Monday,Winter,0.95,0.13,0.008,0.122,peak_evening,1.2,light,1,0.5,0.6,normal,1,city_center,1.2,1,moderate,1,1.2,2.608,23,medium,commute,01-10-2025 19:06
T169,metro_subway,public,13.11,20.2,39,39.33,Hyderabad,Wednesday,Winter,0.95,0.13,0.008,0.122,peak_morning,1.2,moderate,1.1,0.9,1.188,favorable,0.95,city_center,1.2,0.95,good,0.95,1.029,1.9552,38,low,commute,20-06-2025 19:06
T170,metro_subway,public,29.71,66.4,26.8,60,Hyderabad,Monday,Winter,0.95,0.13,0.008,0.122,peak_morning,1.2,light,1,0.9,1.08,normal,1,suburban,1,1,good,0.95,0.95,3.7189,42,medium,commute,20-06-2025 19:06
T171,metro_subway,public,24.09,42.6,33.9,60,Ahmedabad,Thursday,Post-Monsoon,1,0.13,0.008,0.122,peak_evening,1.2,moderate,1.1,1,1.32,normal,1,city_center,1.2,1,moderate,1,1.2,4.6553,34,low,commute,19-04-2025 19:06
T172,metro_subway,public,25.84,59.4,26.1,60,Kolkata,Wednesday,Monsoon,1.2,0.13,0.008,0.122,peak_evening,1.2,heavy,1.3,1,1.56,normal,1,city_center,1.2,1,hazardous,1.2,1.44,7.0817,43,high,business,11-05-2025 19:06
T173,metro_subway,public,22.57,52.3,25.9,60,Mumbai,Monday,Monsoon,1.2,0.13,0.008,0.122,peak_morning,1.2,moderate,1.1,0.9,1.188,normal,1,city_center,1.2,1,very_poor,1.1,1.32,4.318,35,low,commute,20-04-2025 19:06
T174,metro_subway,public,28.16,45.8,36.9,60,Pune,Thursday,Winter,0.95,0.13,0.008,0.122,peak_evening,1.2,moderate,1.1,0.5,0.66,normal,1,city_center,1.2,0.95,good,0.95,1.083,2.4556,58,medium,commute,23-05-2025 19:06
T175,metro_subway,public,26.36,54.9,28.8,60,Mumbai,Wednesday,Winter,0.95,0.13,0.008,0.122,peak_morning,1.2,heavy,1.3,0.7,1.092,normal,1,suburban,1,0.95,very_poor,1.1,1.045,3.6698,49,medium,commute,12-06-2025 19:06
T176,shared_taxi,shared,17.58,51.1,20.6,210.96,Kolkata,Wednesday,Post-Monsoon,1,0.13,0.071,0.059,peak_morning,1.2,heavy,1.3,0.9,1.404,heavy_rain,1.2,suburban,1,1.1,very_poor,1.1,1.452,2.1145,22,high,commute,12-07-2025 19:06
T177,shared_taxi,shared,29.44,76.9,23,353.28,Bangalore,Sunday,Summer,1.1,0.13,0.071,0.059,late_night,0.8,heavy,1.3,0.9,0.936,normal,1,highway,0.9,1,moderate,1,0.9,1.4632,49,high,leisure,20-09-2025 19:06
T178,shared_taxi,shared,30.42,42.1,43.3,365.04,Delhi,Wednesday,Summer,1.1,0.13,0.071,0.059,peak_evening,1.2,moderate,1.1,0.7,0.924,heavy_rain,1.2,highway,0.9,1.1,moderate,1,1.188,1.9702,23,high,commute,19-08-2025 19:06
T179,shared_taxi,shared,12.57,17.9,42.2,150.84,Pune,Monday,Post-Monsoon,1,0.13,0.071,0.059,off_peak,1,moderate,1.1,1,1.1,normal,1,city_center,1.2,0.95,moderate,1,1.14,0.93,41,high,leisure,10-08-2025 19:06
T180,shared_taxi,shared,11.69,16.3,43.1,140.28,Mumbai,Tuesday,Summer,1.1,0.13,0.071,0.059,off_peak,1,heavy,1.3,0.7,0.91,light_rain,1.1,city_center,1.2,1,good,0.95,1.254,0.7871,45,high,shopping,28-06-2025 19:06
T181,shared_taxi,shared,31.66,65.2,29.1,379.92,Mumbai,Thursday,Summer,1.1,0.13,0.071,0.059,off_peak,1,heavy,1.3,0.7,0.91,favorable,0.95,hilly,1.3,0.95,hazardous,1.2,1.408,2.3934,18,high,business,09-09-2025 19:06
T182,shared_taxi,shared,19.81,56.4,21.1,237.72,Hyderabad,Thursday,Monsoon,1.2,0.13,0.071,0.059,peak_morning,1.2,light,1,0.7,0.84,favorable,0.95,suburban,1,0.95,very_poor,1.1,0.993,0.9749,30,high,commute,29-09-2025 19:06
T183,shared_taxi,shared,13.2,18.5,42.7,158.4,Kolkata,Friday,Summer,1.1,0.13,0.071,0.059,late_night,0.8,light,1,1,0.8,normal,1,suburban,1,1.1,very_poor,1.1,1.21,0.7539,34,medium,leisure,10-06-2025 19:06
T184,shared_taxi,shared,10.64,17.9,35.7,127.68,Pune,Tuesday,Summer,1.1,0.13,0.071,0.059,peak_evening,1.2,heavy,1.3,1,1.56,normal,1,city_center,1.2,1,hazardous,1.2,1.44,1.4102,32,high,commute,13-08-2025 19:06
T185,shared_taxi,shared,24.44,88.1,16.6,293.28,Chennai,Wednesday,Summer,1.1,0.13,0.071,0.059,late_night,0.8,heavy,1.3,0.9,0.936,favorable,0.95,suburban,1,0.95,hazardous,1.2,1.083,1.4617,36,high,shopping,27-07-2025 19:06
T186,shared_taxi,shared,11.31,15.7,43.3,135.72,Bangalore,Wednesday,Monsoon,1.2,0.13,0.071,0.059,peak_morning,1.2,moderate,1.1,0.5,0.66,light_rain,1.1,city_center,1.2,1,moderate,1,1.32,0.5813,23,medium,commute,12-05-2025 19:06
T187,shared_taxi,shared,25.32,37.7,40.3,303.84,Mumbai,Monday,Summer,1.1,0.13,0.071,0.059,off_peak,1,heavy,1.3,0.9,1.17,favorable,0.95,hilly,1.3,1,very_poor,1.1,1.358,2.3736,18,medium,shopping,14-08-2025 19:06
T188,shared_taxi,shared,37.84,120.4,18.9,454.08,Chennai,Saturday,Winter,0.95,0.13,0.071,0.059,off_peak,1,light,1,0.9,0.9,normal,1,city_center,1.2,1,moderate,1,1.2,2.4112,46,medium,shopping,25-07-2025 19:06
T189,shared_taxi,shared,33.75,80.3,25.2,405,Mumbai,Wednesday,Post-Monsoon,1,0.13,0.071,0.059,peak_morning,1.2,moderate,1.1,0.9,1.188,heavy_rain,1.2,suburban,1,1.1,hazardous,1.2,1.584,3.7471,38,high,commute,06-07-2025 19:06
T190,shared_taxi,shared,24.92,85.4,17.5,299.04,Kolkata,Monday,Post-Monsoon,1,0.13,0.071,0.059,off_peak,1,heavy,1.3,0.7,0.91,heavy_rain,1.2,suburban,1,1,very_poor,1.1,1.32,1.7661,37,medium,leisure,06-08-2025 19:06
T191,shared_taxi,shared,17.57,37.7,28,210.84,Pune,Friday,Monsoon,1.2,0.13,0.071,0.059,peak_morning,1.2,moderate,1.1,0.7,0.924,light_rain,1.1,highway,0.9,1,very_poor,1.1,1.089,1.0431,18,high,commute,10-04-2025 19:06
T192,shared_taxi,shared,31.06,76.4,24.4,372.72,Delhi,Tuesday,Monsoon,1.2,0.13,0.071,0.059,peak_evening,1.2,heavy,1.3,0.5,0.78,light_rain,1.1,suburban,1,0.95,good,0.95,0.993,1.4194,34,medium,commute,21-04-2025 19:06
T193,shared_taxi,shared,18.26,25.8,42.4,219.12,Pune,Tuesday,Monsoon,1.2,0.13,0.071,0.059,off_peak,1,light,1,0.9,0.9,favorable,0.95,hilly,1.3,1.1,very_poor,1.1,1.494,1.4486,35,medium,leisure,23-04-2025 19:06
T194,walking,active,0.58,9.3,3.7,0,Ahmedabad,Saturday,Summer,1.1,0.15,0,0.15,peak_morning,1.2,moderate,1.1,0.9,1.188,normal,1,suburban,1,1.1,moderate,1,1.1,0.1137,29,low,commute,06-08-2025 19:06
T195,walking,active,3.88,65,3.6,0,Hyderabad,Saturday,Post-Monsoon,1,0.15,0,0.15,off_peak,1,light,1,0.5,0.5,favorable,0.95,city_center,1.2,0.95,moderate,1,1.083,0.3152,32,medium,shopping,22-07-2025 19:06
T196,walking,active,1.44,16.6,5.2,0,Delhi,Wednesday,Monsoon,1.2,0.15,0,0.15,off_peak,1,light,1,1,1,normal,1,suburban,1,1.1,very_poor,1.1,1.21,0.2614,54,low,shopping,01-05-2025 19:06
T197,walking,active,1.61,20.9,4.6,0,Delhi,Friday,Monsoon,1.2,0.15,0,0.15,peak_morning,1.2,light,1,1,1.2,normal,1,suburban,1,1,hazardous,1.2,1.2,0.3478,47,low,commute,02-05-2025 19:06
T198,walking,active,3.71,39.1,5.7,0,Pune,Saturday,Post-Monsoon,1,0.15,0,0.15,peak_morning,1.2,light,1,1,1.2,normal,1,suburban,1,1,very_poor,1.1,1.1,0.7346,32,low,commute,05-08-2025 19:06
T199,walking,active,6.01,101.6,3.6,0,Delhi,Friday,Summer,1.1,0.15,0,0.15,peak_morning,1.2,light,1,0.7,0.84,normal,1,suburban,1,0.95,moderate,1,0.95,0.7194,18,medium,commute,20-05-2025 19:06
T200,walking,active,1.32,19.2,4.1,0,Kolkata,Sunday,Winter,0.95,0.15,0,0.15,peak_evening,1.2,light,1,0.5,0.6,normal,1,suburban,1,1.1,moderate,1,1.1,0.1307,29,medium,commute,05-06-2025 19:06
T201,walking,active,2.54,31.1,4.9,0,Delhi,Saturday,Monsoon,1.2,0.15,0,0.15,off_peak,1,light,1,1,1,favorable,0.95,city_center,1.2,0.95,hazardous,1.2,1.3,0.4953,48,medium,leisure,06-05-2025 19:06
T202,walking,active,1.07,15.4,4.2,0,Delhi,Sunday,Monsoon,1.2,0.15,0,0.15,peak_morning,1.2,light,1,0.7,0.84,normal,1,suburban,1,1,very_poor,1.1,1.1,0.1483,18,medium,commute,28-05-2025 19:06
T203,walking,active,4.26,48.8,5.2,0,Ahmedabad,Monday,Monsoon,1.2,0.15,0,0.15,off_peak,1,moderate,1.1,0.9,0.99,favorable,0.95,suburban,1,1.1,very_poor,1.1,1.15,0.7275,47,medium,shopping,19-05-2025 19:06
T204,walking,active,2.12,25.6,5,0,Pune,Wednesday,Monsoon,1.2,0.15,0,0.15,peak_morning,1.2,moderate,1.1,0.9,1.188,normal,1,suburban,1,0.95,very_poor,1.1,1.045,0.3948,34,low,commute,27-05-2025 19:06
T205,walking,active,2.62,36.7,4.3,0,Hyderabad,Sunday,Summer,1.1,0.15,0,0.15,off_peak,1,light,1,0.9,0.9,favorable,0.95,suburban,1,0.95,very_poor,1.1,0.993,0.3512,40,medium,shopping,02-05-2025 19:06
T206,walking,active,4.16,56.8,4.4,0,Pune,Monday,Summer,1.1,0.15,0,0.15,peak_evening,1.2,moderate,1.1,0.5,0.66,favorable,0.95,city_center,1.2,0.95,good,0.95,1.029,0.4238,38,medium,commute,15-06-2025 19:06
T207,walking,active,1.28,18.3,4.2,0,Bangalore,Saturday,Post-Monsoon,1,0.15,0,0.15,off_peak,1,moderate,1.1,1,1.1,normal,1,suburban,1,1.1,moderate,1,1.1,0.2323,32,medium,leisure,01-06-2025 19:06
T208,walking,active,2.88,31,5.6,0,Delhi,Saturday,Monsoon,1.2,0.15,0,0.15,off_peak,1,light,1,0.9,0.9,normal,1,city_center,1.2,1,moderate,1,1.2,0.4666,39,low,leisure,04-09-2025 19:06
T209,walking,active,4.9,57.5,5.1,0,Hyderabad,Saturday,Summer,1.1,0.15,0,0.15,peak_morning,1.2,light,1,0.9,1.08,favorable,0.95,suburban,1,1,moderate,1,0.95,0.7541,39,medium,commute,15-04-2025 19:06
T210,walking,active,0.65,8.2,4.7,0,Ahmedabad,Monday,Monsoon,1.2,0.15,0,0.15,peak_morning,1.2,light,1,1,1.2,favorable,0.95,city_center,1.2,1,very_poor,1.1,1.254,0.1467,45,low,business,11-05-2025 19:06
T211,walking,active,2.43,47.2,3.1,0,Delhi,Saturday,Monsoon,1.2,0.15,0,0.15,peak_morning,1.2,light,1,0.7,0.84,favorable,0.95,city_center,1.2,1.1,good,0.95,1.191,0.3647,24,medium,business,10-08-2025 19:06
T212,walking,active,3.86,60.9,3.8,0,Delhi,Monday,Summer,1.1,0.15,0,0.15,peak_evening,1.2,light,1,1,1.2,favorable,0.95,city_center,1.2,1,very_poor,1.1,1.254,0.8713,32,low,commute,14-07-2025 19:06
T213,walking,active,1.8,31.2,3.5,0,Pune,Monday,Post-Monsoon,1,0.15,0,0.15,off_peak,1,light,1,1,1,normal,1,suburban,1,1,very_poor,1.1,1.1,0.297,30,low,business,25-09-2025 19:06
T214,walking,active,2.88,54.5,3.2,0,Ahmedabad,Thursday,Winter,0.95,0.15,0,0.15,peak_morning,1.2,light,1,1,1.2,normal,1,suburban,1,1,very_poor,1.1,1.1,0.5702,38,low,business,09-07-2025 19:06
T215,walking,active,3.61,39.3,5.5,0,Pune,Tuesday,Monsoon,1.2,0.15,0,0.15,peak_evening,1.2,moderate,1.1,1,1.32,normal,1,suburban,1,1.1,good,0.95,1.045,0.7469,55,low,commute,15-05-2025 19:06
T216,walking,active,1.28,18.7,4.1,0,Ahmedabad,Wednesday,Winter,0.95,0.15,0,0.15,off_peak,1,light,1,0.9,0.9,normal,1,city_center,1.2,1,moderate,1,1.2,0.2074,31,low,shopping,08-06-2025 19:06
T217,walking,active,2.06,22.3,5.5,0,Pune,Thursday,Post-Monsoon,1,0.15,0,0.15,peak_evening,1.2,moderate,1.1,1,1.32,favorable,0.95,suburban,1,1,moderate,1,0.95,0.3875,28,low,commute,01-06-2025 19:06
T218,walking,active,3.26,59.6,3.3,0,Delhi,Wednesday,Post-Monsoon,1,0.15,0,0.15,peak_evening,1.2,moderate,1.1,0.7,0.924,normal,1,suburban,1,1.1,moderate,1,1.1,0.497,31,low,commute,13-09-2025 19:06
T219,walking,active,1.5,24.9,3.6,0,Pune,Saturday,Winter,0.95,0.15,0,0.15,peak_morning,1.2,light,1,0.9,1.08,normal,1,suburban,1,1,very_poor,1.1,1.1,0.2673,49,low,commute,16-05-2025 19:06
T220,walking,active,1.48,17.2,5.2,0,Hyderabad,Sunday,Winter,0.95,0.15,0,0.15,off_peak,1,moderate,1.1,1,1.1,normal,1,suburban,1,1,very_poor,1.1,1.1,0.2686,65,low,leisure,04-05-2025 19:06
T221,walking,active,2.56,33.6,4.6,0,Mumbai,Wednesday,Summer,1.1,0.15,0,0.15,peak_morning,1.2,light,1,0.9,1.08,favorable,0.95,suburban,1,0.95,moderate,1,0.902,0.3741,27,low,business,10-07-2025 19:06
T222,walking,active,1.92,30,3.8,0,Delhi,Friday,Monsoon,1.2,0.15,0,0.15,peak_morning,1.2,light,1,0.5,0.6,normal,1,suburban,1,0.95,moderate,1,0.95,0.1642,38,medium,commute,23-06-2025 19:06
T223,walking,active,2.77,44.7,3.7,0,Ahmedabad,Saturday,Winter,0.95,0.15,0,0.15,peak_evening,1.2,light,1,0.9,1.08,normal,1,suburban,1,0.95,good,0.95,0.902,0.4048,34,low,commute,17-05-2025 19:06
T224,cycling,active,8.9,29.2,18.3,0,Delhi,Sunday,Post-Monsoon,1,0.12,0,0.12,off_peak,1,moderate,1.1,0.9,0.99,normal,1,suburban,1,0.95,moderate,1,0.95,1.0045,43,low,shopping,11-07-2025 19:06
T225,cycling,active,5.32,20.5,15.6,0,Ahmedabad,Tuesday,Monsoon,1.2,0.12,0,0.12,peak_evening,1.2,moderate,1.1,0.9,1.188,favorable,0.95,suburban,1,1.1,very_poor,1.1,1.15,0.8722,38,low,commute,15-06-2025 19:06
T226,cycling,active,9.89,66.6,8.9,0,Kolkata,Tuesday,Post-Monsoon,1,0.12,0,0.12,off_peak,1,light,1,1,1,normal,1,suburban,1,1,good,0.95,0.95,1.1275,37,medium,leisure,05-07-2025 19:06
T227,cycling,active,8.71,30.1,17.4,0,Ahmedabad,Thursday,Winter,0.95,0.12,0,0.12,off_peak,1,moderate,1.1,0.7,0.77,favorable,0.95,city_center,1.2,1,moderate,1,1.14,0.9175,29,medium,leisure,15-08-2025 19:06
T228,cycling,active,2.21,7,19,0,Bangalore,Wednesday,Summer,1.1,0.12,0,0.12,peak_evening,1.2,moderate,1.1,0.7,0.924,normal,1,suburban,1,1,hazardous,1.2,1.2,0.2941,20,medium,commute,16-05-2025 19:06
T229,cycling,active,9.81,37.1,15.9,0,Delhi,Thursday,Post-Monsoon,1,0.12,0,0.12,peak_evening,1.2,light,1,1,1.2,favorable,0.95,suburban,1,1,moderate,1,0.95,1.342,18,low,commute,23-09-2025 19:06
T230,cycling,active,5.86,26.4,13.3,0,Chennai,Friday,Monsoon,1.2,0.12,0,0.12,peak_morning,1.2,light,1,0.5,0.6,normal,1,suburban,1,1.1,moderate,1,1.1,0.4641,27,medium,business,17-05-2025 19:06
T231,cycling,active,2.13,11.5,11.1,0,Pune,Wednesday,Post-Monsoon,1,0.12,0,0.12,off_peak,1,light,1,0.7,0.7,normal,1,city_center,1.2,1.1,moderate,1,1.32,0.2362,23,low,business,20-06-2025 19:06
T232,cycling,active,6.33,30.3,12.5,0,Pune,Saturday,Summer,1.1,0.12,0,0.12,peak_morning,1.2,light,1,0.7,0.84,favorable,0.95,suburban,1,1.1,moderate,1,1.045,0.6668,36,medium,commute,21-09-2025 19:06
T233,cycling,active,17.85,66.7,16.1,0,Hyderabad,Friday,Winter,0.95,0.12,0,0.12,off_peak,1,light,1,0.5,0.5,normal,1,suburban,1,1,good,0.95,0.95,1.0174,36,medium,leisure,09-05-2025 19:06
T234,cycling,active,3.4,20.6,9.9,0,Kolkata,Saturday,Summer,1.1,0.12,0,0.12,peak_morning,1.2,light,1,1,1.2,favorable,0.95,suburban,1,1,good,0.95,0.902,0.4416,26,medium,commute,24-07-2025 19:06
T235,cycling,active,3.79,21.1,10.8,0,Ahmedabad,Wednesday,Winter,0.95,0.12,0,0.12,peak_morning,1.2,light,1,1,1.2,normal,1,suburban,1,0.95,very_poor,1.1,1.045,0.5703,25,medium,commute,13-08-2025 19:06
T236,cycling,active,9.05,36.7,14.8,0,Ahmedabad,Sunday,Summer,1.1,0.12,0,0.12,peak_morning,1.2,light,1,0.9,1.08,favorable,0.95,city_center,1.2,1,very_poor,1.1,1.254,1.4708,33,low,commute,15-04-2025 19:06
T237,cycling,active,7.43,39.3,11.4,0,Hyderabad,Saturday,Winter,0.95,0.12,0,0.12,off_peak,1,light,1,1,1,normal,1,suburban,1,1.1,hazardous,1.2,1.32,1.1769,24,medium,leisure,04-06-2025 19:06
T238,cycling,active,7.78,26,17.9,0,Hyderabad,Thursday,Monsoon,1.2,0.12,0,0.12,off_peak,1,light,1,0.9,0.9,normal,1,suburban,1,1,good,0.95,0.95,0.7982,22,low,leisure,18-05-2025 19:06
T239,cycling,active,3.02,12.6,14.4,0,Hyderabad,Saturday,Summer,1.1,0.12,0,0.12,peak_evening,1.2,moderate,1.1,0.9,1.188,normal,1,suburban,1,1.1,hazardous,1.2,1.32,0.5683,21,low,commute,02-09-2025 19:06
T240,cycling,active,7.84,33.6,14,0,Ahmedabad,Wednesday,Post-Monsoon,1,0.12,0,0.12,peak_morning,1.2,light,1,0.5,0.6,normal,1,suburban,1,1,moderate,1,1,0.5645,18,medium,commute,21-06-2025 19:06
T241,cycling,active,1.18,6.2,11.5,0,Delhi,Saturday,Post-Monsoon,1,0.12,0,0.12,off_peak,1,light,1,0.7,0.7,normal,1,suburban,1,1,moderate,1,1,0.0991,64,medium,leisure,24-09-2025 19:06
T242,cycling,active,4.07,23.9,10.2,0,Mumbai,Sunday,Summer,1.1,0.12,0,0.12,peak_morning,1.2,light,1,0.9,1.08,favorable,0.95,suburban,1,1,very_poor,1.1,1.045,0.5512,39,low,business,22-07-2025 19:06
T243,cycling,active,3.1,12.3,15.1,0,Chennai,Saturday,Monsoon,1.2,0.12,0,0.12,peak_morning,1.2,moderate,1.1,0.9,1.188,normal,1,city_center,1.2,0.95,very_poor,1.1,1.254,0.5542,40,low,business,21-05-2025 19:06
T244,cycling,active,11.01,44.1,15,0,Pune,Monday,Summer,1.1,0.12,0,0.12,peak_evening,1.2,moderate,1.1,0.7,0.924,favorable,0.95,suburban,1,0.95,moderate,1,0.902,1.1012,18,medium,commute,10-05-2025 19:06
T245,cycling,active,10.89,70.7,9.2,0,Chennai,Saturday,Summer,1.1,0.12,0,0.12,peak_morning,1.2,light,1,1,1.2,normal,1,suburban,1,0.95,hazardous,1.2,1.14,1.7877,35,medium,commute,19-07-2025 19:06
T246,cycling,active,15.38,102.8,9,0,Pune,Sunday,Summer,1.1,0.12,0,0.12,peak_evening,1.2,moderate,1.1,0.7,0.924,favorable,0.95,city_center,1.2,1,moderate,1,1.14,1.9441,28,low,commute,02-05-2025 19:06
T247,cycling,active,6.05,24.4,14.9,0,Chennai,Saturday,Post-Monsoon,1,0.12,0,0.12,peak_evening,1.2,light,1,1,1.2,normal,1,suburban,1,1,moderate,1,1,0.8712,30,medium,commute,17-09-2025 19:06
T248,cycling,active,6.6,43.8,9,0,Bangalore,Sunday,Post-Monsoon,1,0.12,0,0.12,peak_morning,1.2,moderate,1.1,1,1.32,normal,1,suburban,1,0.95,very_poor,1.1,1.045,1.0925,34,medium,commute,25-09-2025 19:06
T249,cycling,active,2.04,11.9,10.3,0,Delhi,Saturday,Summer,1.1,0.12,0,0.12,peak_evening,1.2,moderate,1.1,0.7,0.924,normal,1,suburban,1,1,moderate,1,1,0.2262,34,medium,commute,16-08-2025 19:06
T250,cycling,active,5.91,28.3,12.5,0,Hyderabad,Friday,Winter,0.95,0.12,0,0.12,off_peak,1,moderate,1.1,0.9,0.99,normal,1,suburban,1,0.95,very_poor,1.1,1.045,0.7337,28,medium,business,22-09-2025 19:06
T251,cycling,active,11.8,36.7,19.3,0,Hyderabad,Tuesday,Winter,0.95,0.12,0,0.12,off_peak,1,light,1,0.9,0.9,normal,1,city_center,1.2,1,moderate,1,1.2,1.5293,26,low,business,24-07-2025 19:06
T252,cycling,active,16.87,83.3,12.1,0,Bangalore,Wednesday,Monsoon,1.2,0.12,0,0.12,off_peak,1,light,1,1,1,normal,1,suburban,1,1.1,moderate,1,1.1,2.2268,60,medium,shopping,24-08-2025 19:06
T253,cycling,active,11.96,80.1,9,0,Bangalore,Saturday,Post-Monsoon,1,0.12,0,0.12,off_peak,1,light,1,0.5,0.5,normal,1,suburban,1,1,hazardous,1.2,1.2,0.8611,44,medium,business,31-08-2025 19:06
T254,cycling,active,3.36,11.4,17.7,0,Hyderabad,Saturday,Summer,1.1,0.12,0,0.12,off_peak,1,moderate,1.1,0.9,0.99,favorable,0.95,city_center,1.2,1,hazardous,1.2,1.368,0.5461,43,medium,leisure,10-05-2025 19:06
T255,cycling,active,6.64,38.4,10.4,0,Bangalore,Sunday,Monsoon,1.2,0.12,0,0.12,off_peak,1,light,1,0.9,0.9,favorable,0.95,suburban,1,1,very_poor,1.1,1.045,0.7494,18,medium,business,15-06-2025 19:06
T256,cycling,active,4.31,14.4,17.9,0,Kolkata,Saturday,Monsoon,1.2,0.12,0,0.12,off_peak,1,light,1,1,1,normal,1,suburban,1,1,good,0.95,0.95,0.4913,34,low,business,24-07-2025 19:06
T257,cycling,active,3.69,21.4,10.3,0,Pune,Saturday,Winter,0.95,0.12,0,0.12,off_peak,1,light,1,0.7,0.7,normal,1,city_center,1.2,0.95,very_poor,1.1,1.254,0.3887,18,medium,leisure,22-08-2025 19:06
T258,cycling,active,17.55,54.7,19.2,0,Mumbai,Tuesday,Winter,0.95,0.12,0,0.12,peak_evening,1.2,light,1,1,1.2,favorable,0.95,city_center,1.2,1,very_poor,1.1,1.254,3.1691,31,low,commute,16-06-2025 19:06
T259,cycling,active,3.25,12.3,15.8,0,Chennai,Thursday,Winter,0.95,0.12,0,0.12,peak_evening,1.2,light,1,0.9,1.08,favorable,0.95,suburban,1,1.1,very_poor,1.1,1.15,0.4844,33,medium,commute,31-07-2025 19:06
T260,cycling,active,4.59,20.8,13.2,0,Pune,Thursday,Monsoon,1.2,0.12,0,0.12,off_peak,1,light,1,0.9,0.9,normal,1,suburban,1,1.1,very_poor,1.1,1.21,0.5998,35,low,shopping,01-09-2025 19:06
